reaction_id,original_lb,original_ub,score,reference_capacity,new_lb,new_ub
EX00253,0.0,1000.0,,0.0026262357994598245,0.0,1000.0
EXC0161,0.0,1000.0,,0.01783682312637368,0.0,1000.0
TCE5369,-1000.0,1000.0,,0.01726648901216786,-1000.0,1000.0
TCE5368,-1000.0,1000.0,,1e-06,-1000.0,1000.0
TCE5361,-1000.0,1000.0,,0.08026570406868082,-1000.0,1000.0
TCE5360,-1000.0,1000.0,,0.07020095597380324,-1000.0,1000.0
TCE5363,-1000.0,1000.0,,0.10234100744252826,-1000.0,1000.0
TCE5362,-1000.0,1000.0,,0.014201950371132071,-1000.0,1000.0
RM01360,0.0,1000.0,1.0,2.5760738878470315,0.0,2.5760738878470315
TCE5364,-1000.0,1000.0,,1e-06,-1000.0,1000.0
TCE5367,-1000.0,1000.0,,0.0992357879251337,-1000.0,1000.0
TCE5366,-1000.0,1000.0,,1e-06,-1000.0,1000.0
EX02512,0.0,1000.0,,0.09652273706754928,0.0,1000.0
RC02493,0.0,1000.0,1.0,2.0000000000000005e-05,0.0,2.0000000000000005e-05
RC02497,0.0,1000.0,1.0,1e-06,0.0,1e-06
TCE0424,-1000.0,1000.0,,0.020968158501039835,-1000.0,1000.0
RC02543,-1000.0,1000.0,1.0,0.008799773325922508,-0.008799773325922508,0.008799773325922508
RC02017,0.0,1000.0,1.0,0.715728579189097,0.0,0.715728579189097
RC02016,0.0,1000.0,1.0,0.7208469156228905,0.0,0.7208469156228905
RC05916,-1000.0,1000.0,1.0,0.005226596683034643,-0.005226596683034643,0.005226596683034643
RC02019,0.0,1000.0,1.0,0.7152876947895296,0.0,0.7152876947895296
RC02018,0.0,1000.0,1.0,0.717875068784171,0.0,0.717875068784171
RC03542,-1000.0,1000.0,1.0,0.3030742209413335,-0.3030742209413335,0.3030742209413335
RC00899,0.0,1000.0,1.0,1.2842512650988949,0.0,1.2842512650988949
RC03660,0.0,1000.0,1.0,0.013205435671528149,0.0,0.013205435671528149
RC00893,0.0,1000.0,0.6023456139265189,0.017266489012167867,0.0,0.010400393924389746
RC00897,0.0,1000.0,1.0,0.7705767590593592,0.0,0.7705767590593592
RC00895,-1000.0,1000.0,1.0,0.7794205118182056,-0.7794205118182056,0.7794205118182056
RC00894,0.0,1000.0,1.0,1.2842512650989184,0.0,1.2842512650989184
RC07209,0.0,1000.0,,1e-06,0.0,1000.0
RM03856,0.0,1000.0,1.0,1.8829943622106144,0.0,1.8829943622106144
RM03857,-1000.0,1000.0,1.0,1.8893516893794213,-1.8893516893794213,1.8893516893794213
RM03858,-1000.0,1000.0,1.0,0.17675772918203686,-0.17675772918203686,0.17675772918203686
RM03524,-1000.0,1000.0,1.0,0.09652273706754684,-0.09652273706754684,0.09652273706754684
RC00945,-1000.0,1000.0,1.0,1000.0,-1000.0,1000.0
RC00946,0.0,1000.0,1.0,0.23780648356854836,0.0,0.23780648356854836
RC00941,0.0,1000.0,1.0,0.5268414307035206,0.0,0.5268414307035206
RC00943,-1000.0,1000.0,1.0,998.0166404387724,-998.0166404387724,998.0166404387724
EX00486,0.0,1000.0,,1e-06,0.0,1000.0
TCE0333,-1000.0,1000.0,,0.08878562049141327,-1000.0,1000.0
TCE0332,-1000.0,1000.0,,1e-06,-1000.0,1000.0
RC03302,-1000.0,1000.0,1.0,999.9999999999999,-999.9999999999999,999.9999999999999
RC04463,0.0,1000.0,1.5858330333691588,0.07576855523550623,0.0,0.1201562777831215
RC03300,0.0,1000.0,1.0,1000.0,0.0,1000.0
TCE0338,-1000.0,1000.0,,0.05464003224057795,-1000.0,1000.0
RC00939,-1000.0,1000.0,1.0,1000.0,-1000.0,1000.0
RC00306,0.0,1000.0,2.7048502158705077,1e-06,0.0,2.7048502158705077e-06
EX04598,0.0,1000.0,,0.008787638874826222,0.0,1000.0
RC04311,-1000.0,1000.0,1.0,0.26762003558010133,-0.26762003558010133,0.26762003558010133
RC03665,0.0,1000.0,1.0,0.025907604436773802,0.0,0.025907604436773802
RC04313,0.0,1000.0,,0.007871337013692251,0.0,1000.0
RM03293,-1000.0,1000.0,1.5702902804292094,1000.0000000000002,-1570.2902804292098,1570.2902804292098
RM03291,-1000.0,1000.0,1.5702902804292094,1000.0,-1570.2902804292094,1570.2902804292094
RC03161,0.0,1000.0,1.0,1e-06,0.0,1e-06
RM03989,0.0,1000.0,1.0,1.8829943622145033,0.0,1.8829943622145033
RC03664,0.0,1000.0,1.0,0.0026629955749144073,0.0,0.0026629955749144073
RM03451,0.0,1000.0,1.0,0.00787133701369225,0.0,0.00787133701369225
RCC0102,0.0,1000.0,3.4892513399129483,0.5150640706083094,0.0,1.797187998511061
RCC0103,0.0,1000.0,0.5344915057218959,0.15139243489623053,0.0,0.08091797048259035
RCC0101,0.0,1000.0,3.4892513399129483,0.2031845836754786,0.0,0.7089620808393182
RCC0106,0.0,1000.0,0.5344915057218959,0.0017870188641916727,0.0,0.0009551464034752393
RCC0107,0.0,1000.0,0.5344915057218959,0.008855653442012792,0.0,0.004733271542372707
RCC0104,0.0,1000.0,0.5344915057218959,0.1375983498323597,0.0,0.07354514918674611
RC01121,0.0,1000.0,1.0,0.05198011336082406,0.0,0.05198011336082406
RC01920,0.0,1000.0,1.0,0.03193507754420729,0.0,0.03193507754420729
RCC0108,0.0,1000.0,1.0,0.10328520261311488,0.0,0.10328520261311488
RC01923,0.0,1000.0,1.0,0.14818283828137732,0.0,0.14818283828137732
RC05052,0.0,1000.0,1.0,0.29705534758731533,0.0,0.29705534758731533
RC01926,0.0,1000.0,1.0,2.5685025301734354,0.0,2.5685025301734354
RC00417,-1000.0,1000.0,,0.5334433821257049,-1000.0,1000.0
RC00416,-1000.0,1000.0,1.0,2.5742534312347534,-2.5742534312347534,2.5742534312347534
RC01126,0.0,1000.0,1.0,2.589303376188123,0.0,2.589303376188123
RM02300,0.0,1000.0,1.0,1.9263768976274307,0.0,1.9263768976274307
RC00093,0.0,1000.0,1.0,2.579899316075428,0.0,2.579899316075428
DMN0032,0.0,1000.0,,0.0017870188641916727,0.0,1000.0
DMN0031,0.0,1000.0,,0.008439677857711145,0.0,1000.0
DMN0030,0.0,1000.0,,0.001141893358137906,0.0,1000.0
RCC0213,0.0,1000.0,0.5344915057218959,0.01783682312632145,0.0,0.009533630450082686
DMN0035,0.0,1000.0,,0.021173393878416116,0.0,1000.0
DMN0034,0.0,1000.0,,0.03193507754398034,0.0,1000.0
DMN0039,0.0,1000.0,,0.004540637501208801,0.0,1000.0
DMN0038,0.0,1000.0,,1e-06,0.0,1000.0
RCC0218,0.0,1000.0,0.5344915057218959,0.014649253974397178,0.0,0.007829901814478015
RCC0219,0.0,1000.0,1.0,0.01464925397462064,0.0,0.01464925397462064
RC01855,0.0,1000.0,1.0,2.5685025302081557,0.0,2.5685025302081557
RC01321,-1000.0,1000.0,1.0,2.5725680792413836,-2.5725680792413836,2.5725680792413836
RC01326,0.0,1000.0,1.0,0.031289636878279625,0.0,0.031289636878279625
EX00001,-1000.0,1000.0,,1.3947685059212855,-1000.0,1000.0
RCC0078,0.0,1000.0,,0.011660527442942423,0.0,1000.0
RCC0079,0.0,1000.0,1.0,0.8561675100634311,0.0,0.8561675100634311
RCC0076,-1000.0,1000.0,,7.174152096639616e-06,-1000.0,1000.0
EX00344,0.0,1000.0,,0.006041908547663722,0.0,1000.0
RCC0074,0.0,1000.0,,0.01726648901216786,0.0,1000.0
EX00346,0.0,1000.0,,0.12464955614686832,0.0,1000.0
RCC0072,0.0,1000.0,1.0,0.20449373915559144,0.0,0.20449373915559144
RCC0073,0.0,1000.0,1.0,0.17283283927796295,0.0,0.17283283927796295
RCC0070,0.0,1000.0,1.0,0.10363151499637936,0.0,0.10363151499637936
RCC0071,0.0,1000.0,0.553075362894832,0.20449373915603064,0.0,0.11310044899344275
RC00529,-1000.0,1000.0,1.0,1.284251265105303,-1.284251265105303,1.284251265105303
TCM0144,0.0,1000.0,,0.3604163027831469,0.0,1000.0
TCE5365,-1000.0,1000.0,,0.09103836591581009,-1000.0,1000.0
RC00527,-1000.0,1000.0,1.0,0.3669289328828651,-0.3669289328828651,0.3669289328828651
RC00525,0.0,1000.0,,0.0024099506500189377,0.0,1000.0
TCE0795,-1000.0,1000.0,,1e-06,-1000.0,1000.0
DGR0017,0.0,1000.0,,0.0008331,0.0,1000.0
DGR0016,0.0,1000.0,,0.0008331000000000205,0.0,1000.0
DGR0015,0.0,1000.0,,0.0008331,0.0,1000.0
DGR0014,0.0,1000.0,,0.0008330999999999999,0.0,1000.0
DGR0013,0.0,1000.0,,0.0008331,0.0,1000.0
DGR0012,0.0,1000.0,,0.0027377000000000005,0.0,1000.0
DGR0011,0.0,1000.0,,0.0027377,0.0,1000.0
DGR0010,0.0,1000.0,,0.009974500000000002,0.0,1000.0
RC06259,0.0,1000.0,1.0,0.005290595478490086,0.0,0.005290595478490086
RC06258,0.0,1000.0,1.0,0.005290595478668527,0.0,0.005290595478668527
DGR0019,0.0,1000.0,1.0,0.009691494375200001,0.0,0.009691494375200001
DGR0018,0.0,1000.0,,0.009691494375200001,0.0,1000.0
RC01218,-1000.0,1000.0,2.057649479734558,1000.0,-2057.649479734558,2057.649479734558
TCE6001,-1000.0,1000.0,,1e-06,-1000.0,1000.0
TCE6002,-1000.0,1000.0,,1e-06,-1000.0,1000.0
TCM0212,-1000.0,1000.0,,1000.0,-1000.0,1000.0
RM00216,0.0,1000.0,1.0,3.852753795275672,0.0,3.852753795275672
TCM0210,0.0,1000.0,,0.12735937426124871,0.0,1000.0
TCM0216,0.0,1000.0,,1e-06,0.0,1000.0
TCM0217,-1000.0,1000.0,,1000.0,-1000.0,1000.0
RC00631,-1000.0,1000.0,7.076790401962159,0.26570715829553754,-1.8803538675585,1.8803538675585
TCM0215,0.0,1000.0,,1e-06,0.0,1000.0
TCM0218,0.0,1000.0,,1e-06,0.0,1000.0
TCM0219,0.0,1000.0,,1e-06,0.0,1000.0
RC05050,0.0,1000.0,7.076790401962159,0.4290799465128886,0.0,3.0365088471568464
EX00295,0.0,1000.0,,0.1126144067092974,0.0,1000.0
EX00294,0.0,1000.0,,0.049469677691540884,0.0,1000.0
EX00577,0.0,1000.0,,0.09923578792527635,0.0,1000.0
BIO0104,0.0,1000.0,,0.06906495505834935,0.0,1000.0
BIO0105,0.0,1000.0,,0.06702058170535509,0.0,1000.0
BIO0106,0.0,1000.0,,0.06660789389867854,0.0,1000.0
BIO0107,0.0,1000.0,,0.0693836999314163,0.0,1000.0
BIO0100,0.0,1000.0,,0.06921161473027343,0.0,1000.0
BIO0101,0.0,1000.0,,0.07029389168039678,0.0,1000.0
BIO0102,0.0,1000.0,,0.06923687548606189,0.0,1000.0
BIO0103,0.0,1000.0,,0.07072940980391511,0.0,1000.0
EX00124,0.0,1000.0,,0.05464003224074015,0.0,1000.0
EX00127,0.0,1000.0,,0.008633244506083944,0.0,1000.0
EX00121,0.0,1000.0,,1e-06,0.0,1000.0
EX00123,0.0,1000.0,,0.010286614105372871,0.0,1000.0
EX00122,0.0,1000.0,,0.11675011500642257,0.0,1000.0
RM00371,-1000.0,1000.0,0.6579036467834919,1000.0,-657.9036467834919,657.9036467834919
EX00906,0.0,1000.0,,0.07020095597276875,0.0,1000.0
TCM0108,0.0,1000.0,,1e-06,0.0,1000.0
TCM0109,-1000.0,1000.0,,1000.0,-1000.0,1000.0
TCM0106,-1000.0,1000.0,,0.047119381231653934,-1000.0,1000.0
TCM0107,0.0,1000.0,,1e-06,0.0,1000.0
TCM0104,-1000.0,1000.0,,1000.0,-1000.0,1000.0
TCM0105,0.0,1000.0,,1000.0,0.0,1000.0
TCM0101,0.0,1000.0,,1000.0,0.0,1000.0
EX00575,0.0,1000.0,,0.047382581146933264,0.0,1000.0
TCE0658,-1000.0,1000.0,,1e-06,-1000.0,1000.0
EX00212,0.0,1000.0,,0.04898019391784548,0.0,1000.0
RC02222,0.0,1000.0,1.0,0.1114268116387527,0.0,0.1114268116387527
EX00631,0.0,1000.0,,0.1306018235695516,0.0,1000.0
EX00632,0.0,1000.0,,0.0026262357994502558,0.0,1000.0
RC09845,0.0,1000.0,1.0,1.4348304193012063e-05,0.0,1.4348304193012063e-05
RC09844,0.0,1000.0,1.0,2.1522456289892146e-05,0.0,2.1522456289892146e-05
TCE5376,0.0,1000.0,,0.01726648901216082,0.0,1000.0
TCE5377,-1000.0,1000.0,,1e-06,-1000.0,1000.0
TCE5374,-1000.0,1000.0,,0.36692893288912093,-1000.0,1000.0
TCE5375,-1000.0,1000.0,,0.047382581146661704,-1000.0,1000.0
TCE5372,-1000.0,1000.0,,0.11910612414476579,-1000.0,1000.0
TCE5373,0.0,1000.0,,7.638652622605323e-05,0.0,1000.0
TCE5370,-1000.0,1000.0,,0.10412848095361177,-1000.0,1000.0
TCE5371,0.0,1000.0,,0.30822030361887987,0.0,1000.0
TCE5378,-1000.0,1000.0,,0.005464613878062354,-1000.0,1000.0
TCE5379,0.0,1000.0,,0.005776104358700421,0.0,1000.0
TCE0788,-1000.0,1000.0,,0.05032235948502519,-1000.0,1000.0
RM04188,-1000.0,1000.0,1.0,0.07228213037968226,-0.07228213037968226,0.07228213037968226
TCE1309,-1000.0,1000.0,,0.0634529406668128,-1000.0,1000.0
TCE1308,-1000.0,1000.0,,0.08795899384272962,-1000.0,1000.0
TCE1307,-1000.0,1000.0,,0.00787133701369225,-1000.0,1000.0
TCE1306,-1000.0,1000.0,,0.2178007075510209,-1000.0,1000.0
TCE1305,-1000.0,1000.0,,0.05871764658719974,-1000.0,1000.0
TCE1304,-1000.0,1000.0,,1000.0000000000002,-1000.0,1000.0
TCE1303,-1000.0,1000.0,,0.06490284905297981,-1000.0,1000.0
RM00199,0.0,1000.0,1.0,1.9397808377483228,0.0,1.9397808377483228
TCE1301,-1000.0,1000.0,,1.4648369300980426,-1000.0,1000.0
TCE1300,-1000.0,1000.0,,0.12788965582543046,-1000.0,1000.0
EX06001,0.0,1000.0,,1e-06,0.0,1000.0
EX02076,0.0,1000.0,,0.04768584631930314,0.0,1000.0
RC02173,0.0,1000.0,1.0,0.002626235799459825,0.0,0.002626235799459825
RC02484,-1000.0,1000.0,1.0,0.7227183530419682,-0.7227183530419682,0.7227183530419682
RC02485,0.0,1000.0,1.0,0.5703342454105804,0.0,0.5703342454105804
TCE0430,-1000.0,1000.0,,2.0000000000000005e-05,-1000.0,1000.0
RM08505,0.0,1000.0,1.0,1e-06,0.0,1e-06
RMC0058,0.0,1000.0,1.0,0.1567958022194466,0.0,0.1567958022194466
RMC0054,0.0,1000.0,1.0,0.017266489012167867,0.0,0.017266489012167867
RC03018,0.0,1000.0,1.0,2.0000000000000005e-05,0.0,2.0000000000000005e-05
RC02003,0.0,1000.0,1.0,0.004621046327058428,0.0,0.004621046327058428
RM04742,-1000.0,1000.0,1.0,0.17759082918200966,-0.17759082918200966,0.17759082918200966
RC02556,0.0,1000.0,1.0,1.309865019928093,0.0,1.309865019928093
RC02557,-1000.0,1000.0,1.0,1.307807646346284,-1.307807646346284,1.307807646346284
RC00888,0.0,1000.0,1.0,0.00472209781209261,0.0,0.00472209781209261
RM01648,-1000.0,1000.0,1.0,0.5334433821276048,-0.5334433821276048,0.5334433821276048
RC03755,0.0,1000.0,1.0,2.568502530197781,0.0,2.568502530197781
TCE5069,-1000.0,1000.0,,2.0000000000000005e-05,-1000.0,1000.0
RC00885,-1000.0,1000.0,1.0,0.05233745711974844,-0.05233745711974844,0.05233745711974844
RC07218,0.0,1000.0,0.5246757572927623,1e-06,0.0,5.246757572927623e-07
TCE5066,-1000.0,1000.0,,2.0000000000000005e-05,-1000.0,1000.0
EX02679,0.0,1000.0,,0.0008331,0.0,1000.0
RC07211,0.0,1000.0,1.0,0.004682790365505363,0.0,0.004682790365505363
RC07212,0.0,1000.0,1.0,0.007573851998319216,0.0,0.007573851998319216
RC07213,0.0,1000.0,1.0,0.0026262357994598254,0.0,0.0026262357994598254
TCE0544,-1000.0,1000.0,,0.10234677117633824,-1000.0,1000.0
RC05577,0.0,1000.0,1.0,0.030783748261164062,0.0,0.030783748261164062
RC03681,0.0,1000.0,1.0,25.68502530194586,0.0,25.68502530194586
RC00959,-1000.0,1000.0,1.0,2.5583633031640685,-2.5583633031640685,2.5583633031640685
TCE1137,-1000.0,1000.0,,0.13060182356938269,-1000.0,1000.0
EX04853,0.0,1000.0,,0.01160930989923363,0.0,1000.0
RC07387,0.0,1000.0,1.0,0.24079711220605238,0.0,0.24079711220605238
RC03376,-1000.0,1000.0,1.0,0.00031394127340238746,-0.00031394127340238746,0.00031394127340238746
TCE0329,-1000.0,1000.0,,0.01595404157178416,-1000.0,1000.0
EX00208,0.0,1000.0,,1e-06,0.0,1000.0
RC04262,-1000.0,1000.0,1.0,1e-06,-1e-06,1e-06
RC01054,0.0,1000.0,1.0,0.6449748290173103,0.0,0.6449748290173103
EX04722,0.0,1000.0,,1e-06,0.0,1000.0
RC08539,-1000.0,1000.0,1.0,1000.0,-1000.0,1000.0
RC04321,-1000.0,1000.0,1.0,0.26570715829634234,-0.26570715829634234,0.26570715829634234
RC04323,0.0,1000.0,1.0,0.0026262357994598254,0.0,0.0026262357994598254
RC04325,-1000.0,1000.0,3.638824824336365,1000.0,-3638.824824336365,3638.824824336365
RC04326,-1000.0,1000.0,3.638824824336365,1000.0000000000001,-3638.8248243363655,3638.8248243363655
RM00261,0.0,1000.0,1.0,0.5334433821268281,0.0,0.5334433821268281
RC01051,0.0,1000.0,1.0,1e-06,0.0,1e-06
EX05455,0.0,1000.0,,1e-06,0.0,1000.0
RC01132,0.0,1000.0,0.5265091139263521,2.5685025302010986,0.0,1.352339991293774
RC01130,0.0,1000.0,1.0,2.589303376215244,0.0,2.589303376215244
RC01137,-1000.0,1000.0,1.0,2.568101119708026,-2.568101119708026,2.568101119708026
EX00178,0.0,1000.0,,0.07682368766895971,0.0,1000.0
RC01135,0.0,1000.0,1.0,2.568502530184269,0.0,2.568502530184269
RC01134,0.0,1000.0,1.0,2.5876868000761917,0.0,2.5876868000761917
RC01138,0.0,1000.0,1.0,2.568502530189435,0.0,2.568502530189435
RC04742,0.0,1000.0,0.5344915057218959,0.12692993512943845,0.0,0.06784297214851612
RC05692,-1000.0,1000.0,1.0,0.004722097812099752,-0.004722097812099752,0.004722097812099752
RM03646,0.0,1000.0,1.0,0.004663323750841748,0.0,0.004663323750841748
RC03991,0.0,1000.0,0.5344915057218959,0.1328535791481664,0.0,0.07100910955944652
RM03648,0.0,1000.0,1.0,0.0033801128773605013,0.0,0.0033801128773605013
DMN0020,0.0,1000.0,,0.5334433821276519,0.0,1000.0
DMN0021,0.0,1000.0,,0.017266489012167874,0.0,1000.0
DMN0022,0.0,1000.0,,0.0004389000000000002,0.0,1000.0
DMN0023,0.0,1000.0,,0.00043890000000000064,0.0,1000.0
DMN0024,0.0,1000.0,,0.0006250000000000001,0.0,1000.0
DMN0025,0.0,1000.0,,2.0000000000000005e-05,0.0,1000.0
DMN0026,0.0,1000.0,,1e-06,0.0,1000.0
DMN0027,0.0,1000.0,,1e-06,0.0,1000.0
RC00089,0.0,1000.0,1.0,2.5685025301904227,0.0,2.5685025301904227
RMC0126,0.0,1000.0,1.0,0.13060182356939987,0.0,0.13060182356939987
RC01863,-1000.0,1000.0,1.0,2.6037084199743354,-2.6037084199743354,2.6037084199743354
RC09085,0.0,1000.0,1.0,2.5794408031659426,0.0,2.5794408031659426
RC01681,0.0,1000.0,,0.008633244506083937,0.0,1000.0
RC01682,0.0,1000.0,1.0,0.01726648901216787,0.0,0.01726648901216787
RCC0009,0.0,1000.0,,0.01726648901216786,0.0,1000.0
RC01049,-1000.0,1000.0,1.0,2.5708148520172993,-2.5708148520172993,2.5708148520172993
EX00352,0.0,1000.0,,0.05378494050095493,0.0,1000.0
RCC0001,-1000.0,1000.0,1.0,1000.0,-1000.0,1000.0
RC01041,-1000.0,1000.0,1.0,1000.0,-1000.0,1000.0
EX00355,0.0,1000.0,,0.007573851998319211,0.0,1000.0
TCE1297,-1000.0,1000.0,,0.11937112847305734,-1000.0,1000.0
RM00513,0.0,1000.0,1.0,1.9263768976512818,0.0,1.9263768976512818
RC04496,0.0,1000.0,2.5663445149234447,7.174152096637768e-06,0.0,1.8411345882432867e-05
DGR0004,0.0,1000.0,,0.027134959320800008,0.0,1000.0
DGR0005,0.0,1000.0,,0.012921200000000002,0.0,1000.0
DGR0006,0.0,1000.0,,0.10000000000000002,0.0,1000.0
DGR0007,0.0,1000.0,,0.10000000000000002,0.0,1000.0
DGR0001,0.0,1000.0,1.0,0.5037126000000001,0.0,0.5037126000000001
DGR0002,0.0,1000.0,,0.06360310000000002,0.0,1000.0
DGR0003,0.0,1000.0,,0.009974500000000002,0.0,1000.0
RM08759,-1000.0,1000.0,1.0,1e-06,-1e-06,1e-06
DGR0008,0.0,1000.0,,0.5037126000000001,0.0,1000.0
DGR0009,0.0,1000.0,,0.06360310000000001,0.0,1000.0
RC01269,0.0,1000.0,1.0,0.002626235799459826,0.0,0.002626235799459826
RC01268,0.0,1000.0,1.0,0.8599664386905467,0.0,0.8599664386905467
RC01262,0.0,1000.0,1.0,2.5685025301991775,0.0,2.5685025301991775
RC01595,0.0,1000.0,,0.011834565165918473,0.0,1000.0
RC01266,-1000.0,1000.0,,0.5334433821269114,-1000.0,1000.0
EXC0152,0.0,1000.0,,1e-06,0.0,1000.0
EX00750,0.0,1000.0,,0.02117339387864117,0.0,1000.0
RM00209,0.0,1000.0,1.0,0.526841430704387,0.0,0.526841430704387
EXC0159,0.0,1000.0,,0.014649253974518732,0.0,1000.0
SNK0016,0.0,1000.0,,0.02857766670334737,0.0,1000.0
SNK0014,0.0,1000.0,,0.005956891595295846,0.0,1000.0
SNK0012,0.0,1000.0,,0.05464003224071155,0.0,1000.0
SNK0013,0.0,1000.0,,0.027320016120447304,0.0,1000.0
RC01463,0.0,1000.0,,1e-06,0.0,1000.0
RC01468,0.0,1000.0,1.0,1.2865221963728428,0.0,1.2865221963728428
EX00132,0.0,1000.0,,1e-06,0.0,1000.0
EX00133,0.0,1000.0,,1e-06,0.0,1000.0
RC01665,-1000.0,1000.0,1.0,0.56780577948218,-0.56780577948218,0.56780577948218
RC01664,0.0,1000.0,1.0,0.570334245408829,0.0,0.570334245408829
RC01663,0.0,1000.0,1.0,0.5703342454108625,0.0,0.5703342454108625
EX00137,0.0,1000.0,,0.05464003224089371,0.0,1000.0
EX00134,0.0,1000.0,,0.06490284905301348,0.0,1000.0
EX00135,0.0,1000.0,,0.002409950650020384,0.0,1000.0
RC08981,0.0,1000.0,1.0,2.568502530190091,0.0,2.568502530190091
RM00342,-1000.0,1000.0,1.0,1000.0,-1000.0,1000.0
RM00344,0.0,1000.0,1.0,1.9397808376883023,0.0,1.9397808376883023
TCM0173,-1000.0,1000.0,,1.9263768976638784,-1000.0,1000.0
TCM0172,0.0,1000.0,,1000.0,0.0,1000.0
TCM0171,0.0,1000.0,,1000.0,0.0,1000.0
TCM0170,0.0,1000.0,,1e-06,0.0,1000.0
TCM0177,0.0,1000.0,,0.07228213037992404,0.0,1000.0
TCM0176,-1000.0,1000.0,,1.3543263113028796e-05,-1000.0,1000.0
TCM0175,0.0,1000.0,,1000.0,0.0,1000.0
TCM0174,0.0,1000.0,,2.0000000328796115e-05,0.0,1000.0
BIO0005,-1000.0,1000.0,,0.02552764782117,-1000.0,1000.0
BIO0004,0.0,1000.0,1.0,0.001352982880142805,0.0,0.001352982880142805
BIO0007,-1000.0,1000.0,,0.013448068288609762,-1000.0,1000.0
BIO0006,-1000.0,1000.0,,0.030960017188420907,-1000.0,1000.0
BIO0001,0.0,1000.0,,0.09546993016129081,0.0,1000.0
BIO0003,0.0,1000.0,1.0,0.0156396191441796,0.0,0.0156396191441796
BIO0002,0.0,1000.0,,0.36135714950549463,0.0,1000.0
BIO0009,0.0,1000.0,,0.0048581205288676065,0.0,1000.0
BIO0008,0.0,1000.0,,0.010754972595965227,0.0,1000.0
EX01717,0.0,1000.0,,0.0026262357994500597,0.0,1000.0
EX01083,0.0,1000.0,,0.02732001612037103,0.0,1000.0
TCE0745,-1000.0,1000.0,,1e-06,-1000.0,1000.0
TCE5093,0.0,1000.0,,0.08696289829370306,0.0,1000.0
TCE5092,-1000.0,1000.0,,0.051029851593812604,-1000.0,1000.0
RM04807,0.0,1000.0,1.0,1e-06,0.0,1e-06
TCE5097,0.0,1000.0,1.0,1.2842512651438602,0.0,1.2842512651438602
TCE5096,0.0,1000.0,,0.007573851998319213,0.0,1000.0
RMC0119,0.0,1000.0,1.0,0.008855653442066928,0.0,0.008855653442066928
RMC0118,0.0,1000.0,1.0,0.008855653442012792,0.0,0.008855653442012792
RMC0117,0.0,1000.0,1.0,0.11391750287916186,0.0,0.11391750287916186
RMC0116,0.0,1000.0,1.0,0.13060182356796055,0.0,0.13060182356796055
RMC0115,0.0,1000.0,1.0,0.1767577291815686,0.0,0.1767577291815686
RMC0114,0.0,1000.0,1.0,0.055837011525310794,0.0,0.055837011525310794
RMC0113,0.0,1000.0,1.0,0.05583701152592522,0.0,0.05583701152592522
RMC0112,0.0,1000.0,1.0,0.050035763575101956,0.0,0.050035763575101956
RMC0111,0.0,1000.0,1.0,0.0631598982840237,0.0,0.0631598982840237
RMC0110,0.0,1000.0,1.0,0.08111060621611389,0.0,0.08111060621611389
TCE5303,0.0,1000.0,,2.5685025301753552,0.0,1000.0
TCE5302,-1000.0,1000.0,,0.041710684122418774,-1000.0,1000.0
TCE5301,-1000.0,1000.0,,0.04853492566840387,-1000.0,1000.0
TCE5300,-1000.0,1000.0,,0.025884765389356915,-1000.0,1000.0
RC02367,-1000.0,1000.0,1.0,1e-06,-1e-06,1e-06
TCE5306,-1000.0,1000.0,,1e-06,-1000.0,1000.0
TCE5305,-1000.0,1000.0,,1e-06,-1000.0,1000.0
RC02364,0.0,1000.0,1.0,1e-06,0.0,1e-06
TCE5309,0.0,1000.0,,1e-06,0.0,1000.0
TCE5308,0.0,1000.0,,1e-06,0.0,1000.0
EX01888,0.0,1000.0,,0.10412848095396715,0.0,1000.0
EX01885,0.0,1000.0,,0.01580453470086896,0.0,1000.0
EX05984,0.0,1000.0,,0.08145538003098857,0.0,1000.0
TCE0474,-1000.0,1000.0,,0.011660527442906785,-1000.0,1000.0
TCM0195,-1000.0,1000.0,,1e-06,-1000.0,1000.0
TCE1310,-1000.0,1000.0,,1000.0,-1000.0,1000.0
TCE1311,-1000.0,1000.0,,0.18650967027071957,-1000.0,1000.0
TCE1312,-1000.0,1000.0,,1000.0,-1000.0,1000.0
RM00833,-1000.0,1000.0,1.0,1.051272434110213,-1.051272434110213,1.051272434110213
RC02103,-1000.0,1000.0,3.2918784574133775,0.7360385658321995,-2.4229494986884554,2.4229494986884554
RC02102,0.0,1000.0,1.0,2.5708148520160523,0.0,2.5708148520160523
RC02101,0.0,1000.0,1.0,0.3236750621366283,0.0,0.3236750621366283
RC02100,0.0,1000.0,1.0,2.568502530197775,0.0,2.568502530197775
RC02107,0.0,1000.0,3.2918784574133775,0.770550759059346,0.0,2.536559444090987
RMC0028,0.0,1000.0,,0.004520637501154388,0.0,1000.0
RMC0023,0.0,1000.0,1.0,2.0000000000022682e-05,0.0,2.0000000000022682e-05
RMC0027,0.0,1000.0,,2.000000000000001e-05,0.0,1000.0
RMC0026,0.0,1000.0,,0.004576667087702004,0.0,1000.0
RMC0024,0.0,1000.0,1.0,2.000000000000001e-05,0.0,2.000000000000001e-05
RM00239,0.0,1000.0,1.0,1.9263768976484645,0.0,1.9263768976484645
RC05979,0.0,1000.0,1.0,0.005290595478628524,0.0,0.005290595478628524
TCE0687,0.0,1000.0,,1000.0,0.0,1000.0
RC05973,0.0,1000.0,1.0,0.005290595478585725,0.0,0.005290595478585725
RC05972,0.0,1000.0,1.0,0.005290595478628481,0.0,0.005290595478628481
TCE5415,0.0,1000.0,,2.56850253019786,0.0,1000.0
RC05970,0.0,1000.0,1.0,0.005290595478628447,0.0,0.005290595478628447
RC07041,0.0,1000.0,1.873714554491147,0.011660527442906462,0.0,0.021848499982817276
RC05976,0.0,1000.0,1.0,0.005290595478628449,0.0,0.005290595478628449
TCE5411,-1000.0,1000.0,,0.02117339387852192,-1000.0,1000.0
TCE5410,-1000.0,1000.0,,0.03193507754421433,-1000.0,1000.0
RC03219,0.0,1000.0,1.0,0.0036269556865162187,0.0,0.0036269556865162187
RC03749,0.0,1000.0,1.0,2.5685025301978666,0.0,2.5685025301978666
EX00330,0.0,1000.0,,0.05032235948502603,0.0,1000.0
RM01655,-1000.0,1000.0,2.057649479734558,1000.000000000003,-2057.649479734564,2057.649479734564
RC02619,-1000.0,1000.0,1.0,0.01726648901227856,-0.01726648901227856,0.01726648901227856
RM02050,-1000.0,1000.0,1.0,0.32573243573187044,-0.32573243573187044,0.32573243573187044
RM02055,0.0,1000.0,1.0,0.5268414307035392,0.0,0.5268414307035392
RC03361,0.0,1000.0,1.0,1.284251265107598,0.0,1.284251265107598
RC03362,0.0,1000.0,1.0,2.568502530159173,0.0,2.568502530159173
RC03363,0.0,1000.0,1.0,2.5685025301967546,0.0,2.5685025301967546
RC04404,0.0,1000.0,1.0,2.5685025301967723,0.0,2.5685025301967723
RC05802,0.0,1000.0,1.0,2.5685025301516813,0.0,2.5685025301516813
TCE0352,-1000.0,1000.0,,0.011834565165870782,-1000.0,1000.0
RC00328,0.0,1000.0,1.0,2.5685025301517057,0.0,2.5685025301517057
RC00987,0.0,1000.0,0.5280435733411128,0.0026262357994598254,0.0,0.0013867669359831204
RC00988,-1000.0,1000.0,1.0,0.0026262357994598254,-0.0026262357994598254,0.0026262357994598254
RC04620,0.0,1000.0,1.0,0.05266953985298217,0.0,0.05266953985298217
RC08183,0.0,1000.0,1.0,0.01183456516598251,0.0,0.01183456516598251
RC03181,0.0,1000.0,1.0,0.007573851998319213,0.0,0.007573851998319213
RC00188,0.0,1000.0,1.0,1.2842512651014966,0.0,1.2842512651014966
RC01123,-1000.0,1000.0,1.0,0.004621046327032146,-0.004621046327032146,0.004621046327032146
RM02301,0.0,1000.0,1.0,1.9263768976256845,0.0,1.9263768976256845
RC01127,-1000.0,1000.0,1.0,0.07576855523533331,-0.07576855523533331,0.07576855523533331
RC00181,0.0,1000.0,1.0,2.5701191063571964,0.0,2.5701191063571964
RC00183,0.0,1000.0,1.0,2.570119106331899,0.0,2.570119106331899
RC00185,0.0,1000.0,1.0,2.5685025301933115,0.0,2.5685025301933115
TCE5346,-1000.0,1000.0,,1e-06,-1000.0,1000.0
RC00431,-1000.0,1000.0,1.0,3.8141177135062074,-3.8141177135062074,3.8141177135062074
EX15519,0.0,1000.0,,1e-06,0.0,1000.0
RC00434,0.0,1000.0,1.0,2.5685025301571422,0.0,2.5685025301571422
RM03650,0.0,1000.0,1.0,0.000827246863633537,0.0,0.000827246863633537
RM03651,0.0,1000.0,,0.0035986431942068705,0.0,1000.0
RM03656,0.0,1000.0,1.0,0.005081959353499917,0.0,0.005081959353499917
RM03657,0.0,1000.0,1.0,0.007833403239664074,0.0,0.007833403239664074
RM03654,0.0,1000.0,1.0,0.009033173852001015,0.0,0.009033173852001015
RM03655,0.0,1000.0,1.0,0.0017012741554742025,0.0,0.0017012741554742025
RM03658,0.0,1000.0,1.0,0.006837747338011972,0.0,0.006837747338011972
RM03659,0.0,1000.0,1.0,0.0019531238312396873,0.0,0.0019531238312396873
SNK1002,0.0,1000.0,,1e-06,0.0,1000.0
SNK1003,0.0,1000.0,,1e-06,0.0,1000.0
DMN0018,0.0,1000.0,,0.00011030000000000007,0.0,1000.0
DMN0015,0.0,1000.0,,0.007573851998319221,0.0,1000.0
DMN0017,0.0,1000.0,,0.00011030000000000005,0.0,1000.0
RC01878,0.0,1000.0,1.0,1.2982749797041717,0.0,1.2982749797041717
RC01876,-1000.0,1000.0,1.0,2.587269763823327,-2.587269763823327,2.587269763823327
RC01870,-1000.0,1000.0,1.0,0.42808375503258816,-0.42808375503258816,0.42808375503258816
RCC0018,0.0,1000.0,6.25166517875211,0.007573851998319212,0.0,0.04734918680691431
RCC0019,-1000.0,1000.0,1.0,2.611367237979251,-2.611367237979251,2.611367237979251
RC00507,0.0,1000.0,1.0,1.2842512650915074,0.0,1.2842512650915074
RCC0010,0.0,1000.0,1.0,0.042346787757048046,0.0,0.042346787757048046
RC01055,-1000.0,1000.0,1.0,2.568502530170519,-2.568502530170519,2.568502530170519
RC01056,-1000.0,1000.0,1.0,0.4935741804646323,-0.4935741804646323,0.4935741804646323
RC01057,-1000.0,1000.0,1.0,2.620418279977454,-2.620418279977454,2.620418279977454
RC00509,-1000.0,1000.0,1.0,2.568502530174387,-2.568502530174387,2.568502530174387
RC00508,0.0,1000.0,1.0,2.5685025302861546,0.0,2.5685025302861546
RC05578,0.0,1000.0,1.0,0.031045407927154104,0.0,0.031045407927154104
TCM1291,-1000.0,1000.0,,0.29768437326830127,-1000.0,1000.0
TCM1290,-1000.0,1000.0,,1000.0,-1000.0,1000.0
TCM1292,-1000.0,1000.0,,1000.0,-1000.0,1000.0
RC01903,-1000.0,1000.0,,0.06345294066703618,-1000.0,1000.0
RC01904,-1000.0,1000.0,1.0,0.7902621460594137,-0.7902621460594137,0.7902621460594137
RC01905,0.0,1000.0,,0.7902621460543782,0.0,1000.0
RC01909,0.0,1000.0,1.0,2.000000000000001e-05,0.0,2.000000000000001e-05
EXC0181,0.0,1000.0,,0.012115577972527403,0.0,1000.0
RC01274,0.0,1000.0,1.0,2.568502530190254,0.0,2.568502530190254
EXC0141,0.0,1000.0,,0.008633244506083935,0.0,1000.0
EXC0142,0.0,1000.0,,0.008419352428324419,0.0,1000.0
RC00619,0.0,1000.0,1.0,0.00011030000000000004,0.0,0.00011030000000000004
RM00238,-1000.0,1000.0,1.0,501.2830437247451,-501.2830437247451,501.2830437247451
RM04203,-1000.0,1000.0,1.6521318446075013,0.00884753820200364,-0.01461729960991161,0.01461729960991161
RM04204,-1000.0,1000.0,1.734712463439418,0.00884753820200364,-0.015347934789772092,0.015347934789772092
SNK0069,0.0,1000.0,,1e-06,0.0,1000.0
RCC0109,0.0,1000.0,1.0,0.10274010120788579,0.0,0.10274010120788579
RC01470,0.0,1000.0,1.0,2.5781940245607857,0.0,2.5781940245607857
RM00355,-1000.0,1000.0,1.0,1000.0,-1000.0,1000.0
RM00351,0.0,1000.0,1.0,2.0516063729535134,0.0,2.0516063729535134
EX01419,0.0,1000.0,,1e-06,0.0,1000.0
EX02470,0.0,1000.0,,0.0026262357994598254,0.0,1000.0
TCE5343,-1000.0,1000.0,,0.004682790365505365,-1000.0,1000.0
TCM0168,-1000.0,1000.0,,1e-06,-1000.0,1000.0
TCM0169,0.0,1000.0,,1e-06,0.0,1000.0
EX00385,0.0,1000.0,,0.10801829137629858,0.0,1000.0
EX00387,0.0,1000.0,,0.05135461301235301,0.0,1000.0
EX00438,0.0,1000.0,,0.10702093875962178,0.0,1000.0
TCM0160,0.0,1000.0,,1e-06,0.0,1000.0
TCM0161,0.0,1000.0,,1e-06,0.0,1000.0
TCM0162,0.0,1000.0,,7.70550759056525,0.0,1000.0
TCM0163,0.0,1000.0,,1000.0,0.0,1000.0
TCM0165,0.0,1000.0,,1e-06,0.0,1000.0
TCM0167,0.0,1000.0,,1e-06,0.0,1000.0
BIO0012,-1000.0,1000.0,,0.01703052098381248,-1000.0,1000.0
BIO0013,-1000.0,1000.0,,0.008509215940326706,-1000.0,1000.0
BIO0010,0.0,1000.0,,0.07174152096640096,0.0,1000.0
BIO0011,-1000.0,1000.0,,0.020977963788828786,-1000.0,1000.0
BIO0014,-1000.0,1000.0,,0.008262026461296135,-1000.0,1000.0
BIO0015,0.0,1000.0,,7.174152096634481e-06,0.0,1000.0
EX17339,0.0,1000.0,,1e-06,0.0,1000.0
EX01013,0.0,1000.0,,1e-06,0.0,1000.0
EX17337,0.0,1000.0,,1e-06,0.0,1000.0
EX00354,0.0,1000.0,,0.05351046937837152,0.0,1000.0
EX00655,0.0,1000.0,,0.05182114459581437,0.0,1000.0
EX00166,0.0,1000.0,,0.004682790365505362,0.0,1000.0
RC02778,0.0,1000.0,1.0,1.284251265075982,0.0,1.284251265075982
EX00439,0.0,1000.0,,0.0024099506500189377,0.0,1000.0
TCE5080,-1000.0,1000.0,,0.042188146843315476,-1000.0,1000.0
EX00437,0.0,1000.0,,0.048575088283601804,0.0,1000.0
RM02918,0.0,1000.0,1.0,0.002561648914600699,0.0,0.002561648914600699
TCE5083,-1000.0,1000.0,,0.002626235799459813,-1000.0,1000.0
RMC0108,0.0,1000.0,1.0,0.10328520261271477,0.0,0.10328520261271477
RMC0109,0.0,1000.0,1.0,0.10274010120815813,0.0,0.10274010120815813
TCE5086,0.0,1000.0,1.0,2.5685025301643742,0.0,2.5685025301643742
EX00388,0.0,1000.0,,0.0024099506500189364,0.0,1000.0
RMC0104,0.0,1000.0,1.0,0.20277651554050935,0.0,0.20277651554050935
RMC0105,0.0,1000.0,1.0,0.20277651553809342,0.0,0.20277651553809342
RMC0106,0.0,1000.0,1.0,0.0017870188641916727,0.0,0.0017870188641916727
RMC0107,0.0,1000.0,1.0,0.00885565344201279,0.0,0.00885565344201279
RMC0100,0.0,1000.0,1.0,0.055837011525019416,0.0,0.055837011525019416
RMC0103,0.0,1000.0,1.0,0.17123350201194185,0.0,0.17123350201194185
TCE5310,-1000.0,1000.0,,1e-06,-1000.0,1000.0
TCE5311,-1000.0,1000.0,,0.009357345104309031,-1000.0,1000.0
TCE5312,-1000.0,1000.0,,0.04120592294426217,-1000.0,1000.0
TCE5313,-1000.0,1000.0,,0.05182114459581047,-1000.0,1000.0
TCE5314,-1000.0,1000.0,,0.009357345104309037,-1000.0,1000.0
TCE5315,-1000.0,1000.0,,0.04925574139728528,-1000.0,1000.0
TCE5316,-1000.0,1000.0,,0.052923722140279204,-1000.0,1000.0
TCE5317,-1000.0,1000.0,,0.053510469377685776,-1000.0,1000.0
TCE5318,-1000.0,1000.0,,0.0026262357994598306,-1000.0,1000.0
TCE5319,-1000.0,1000.0,,0.04066795535576943,-1000.0,1000.0
RC02976,0.0,1000.0,1.0,2.5685025301991122,0.0,2.5685025301991122
RC02110,0.0,1000.0,1.0,25.685025301890846,0.0,25.685025301890846
RC02978,0.0,1000.0,,0.5144815954667075,0.0,1000.0
TCE5504,0.0,1000.0,,0.017266489012167877,0.0,1000.0
EX01879,0.0,1000.0,,0.08026570406534678,0.0,1000.0
EX05828,0.0,1000.0,,1e-06,0.0,1000.0
DMN0033,0.0,0.0,,1e-06,0.0,0.0
EX00095,0.0,1000.0,,0.054867912927009314,0.0,1000.0
EX05356,0.0,1000.0,,0.011834565165914655,0.0,1000.0
RC05969,-1000.0,1000.0,1.0,0.0052905954786284,-0.0052905954786284,0.0052905954786284
TCE5408,-1000.0,1000.0,,0.06490284905297822,-1000.0,1000.0
TCE5409,0.0,1000.0,,2.5687799301978678,0.0,1000.0
RM01248,0.0,1000.0,1.5702902804292094,1.8873916856662596,0.0,2.963752819364629
TCE5404,-1000.0,1000.0,,0.009357345104309038,-1000.0,1000.0
TCE5405,-1000.0,1000.0,,1000.0,-1000.0,1000.0
RC07050,0.0,1000.0,1.0,0.011660527442906856,0.0,0.011660527442906856
TCE5407,0.0,1000.0,,1.2842512650989508,0.0,1000.0
TCE5400,0.0,1000.0,,2.56850253019785,0.0,1000.0
RC02577,-1000.0,1000.0,1.0,0.08375551728905947,-0.08375551728905947,0.08375551728905947
TCE5402,0.0,1000.0,,2.568502530197859,0.0,1000.0
TCE5403,0.0,1000.0,,2.5685025301978395,0.0,1000.0
RM01465,-1000.0,1000.0,0.4136750632960934,1000.0,-413.67506329609336,413.67506329609336
RCC0210,0.0,1000.0,1.0,0.017836823126373684,0.0,0.017836823126373684
RCC0211,0.0,1000.0,,0.017836823126373746,0.0,1000.0
TCE0342,0.0,1000.0,,1000.0,0.0,1000.0
RC03421,-1000.0,1000.0,1.0,0.5334433821275998,-0.5334433821275998,0.5334433821275998
RC03646,0.0,1000.0,1.0,0.016565057854187853,0.0,0.016565057854187853
RC00332,-1000.0,1000.0,1.0,2.5718362693497867,-2.5718362693497867,2.5718362693497867
RC00330,-1000.0,1000.0,1.0,1000.0,-1000.0,1000.0
RM00751,-1000.0,1000.0,1.0,1000.0000000000002,-1000.0000000000002,1000.0000000000002
RC00335,0.0,1000.0,1.0,2.5685025301952598,0.0,2.5685025301952598
RC04184,-1000.0,1000.0,1.9856963026180783,1e-06,-1.985696302618078e-06,1.985696302618078e-06
RC01857,-1000.0,1000.0,1.0,2.568718674292273,-2.568718674292273,2.568718674292273
RC04183,-1000.0,1000.0,1.5909549738920201,1e-06,-1.59095497389202e-06,1.59095497389202e-06
RC08198,-1000.0,1000.0,1.0,0.0802657040685196,-0.0802657040685196,0.0802657040685196
RC08193,-1000.0,1000.0,1.0,2.5742534312676906,-2.5742534312676906,2.5742534312676906
RC00426,0.0,1000.0,1.0,2.568502530171737,0.0,2.568502530171737
RC00424,0.0,1000.0,0.6190885293613889,0.05266953985228122,0.0,0.032607107969289846
RM01939,-1000.0,1000.0,,0.007871337013692243,-1000.0,1000.0
RM02313,-1000.0,1000.0,1.0,0.007871337013692248,-0.007871337013692248,0.007871337013692248
RM01931,-1000.0,1000.0,1.0,7.705507590642114,-7.705507590642114,7.705507590642114
RM03225,-1000.0,1000.0,1.0,1.1007867986568836,-1.1007867986568836,1.1007867986568836
EX00266,0.0,1000.0,,0.16053140813429082,0.0,1000.0
RC04293,0.0,1000.0,,0.002626235799459826,0.0,1000.0
DMN0008,0.0,1000.0,,7.638652622605326e-05,0.0,1000.0
RCC0174,0.0,1000.0,1.0,0.01677305535099375,0.0,0.01677305535099375
DMN0002,0.0,1000.0,,4.000000000000002e-05,0.0,1000.0
EX00262,0.0,1000.0,,0.10234677117667806,0.0,1000.0
DMN0001,0.0,1000.0,,6.000000000000002e-05,0.0,1000.0
DMN0006,0.0,1000.0,,7.086526226053224e-06,0.0,1000.0
DMN0007,0.0,1000.0,,7.638652622605323e-05,0.0,1000.0
DMN0005,0.0,1000.0,,7.086526226053219e-06,0.0,1000.0
RCC0021,0.0,1000.0,0.5979045576674479,0.05123096679739163,0.0,0.03063122854187015
RCC0020,0.0,1000.0,0.553075362894832,0.14993635577890674,0.0,0.08292610438354747
RCC0022,0.0,1000.0,1.0,2.5685025301916897,0.0,2.5685025301916897
RC01802,-1000.0,1000.0,1.0,1.2844053387346446,-1.2844053387346446,1.2844053387346446
RC01801,-1000.0,1000.0,1.0,0.006196011639852237,-0.006196011639852237,0.006196011639852237
RCC0029,0.0,1000.0,,0.0023565691766483043,0.0,1000.0
RC00512,-1000.0,1000.0,1.0,2.5703781685200293,-2.5703781685200293,2.5703781685200293
RC00513,0.0,1000.0,1.0,2.568502530171132,0.0,2.568502530171132
TCM1284,-1000.0,1000.0,,1000.0,-1000.0,1000.0
RC00511,0.0,1000.0,1.0,2.5777827257709602,0.0,2.5777827257709602
TCM1282,-1000.0,1000.0,,1000.0,-1000.0,1000.0
TCM1283,0.0,1000.0,,1000.0,0.0,1000.0
TCM1280,-1000.0,1000.0,,1000.0,-1000.0,1000.0
TCM1281,-1000.0,1000.0,,1e-06,-1000.0,1000.0
RC01061,-1000.0,1000.0,1.0,0.5171282914549417,-0.5171282914549417,0.5171282914549417
TCM5048,0.0,1000.0,1.0,0.12735937426427402,0.0,0.12735937426427402
EX18125,0.0,1000.0,,1e-06,0.0,1000.0
TCM1288,0.0,1000.0,,1000.0,0.0,1000.0
RC01066,-1000.0,1000.0,1.0,0.7295863063551575,-0.7295863063551575,0.7295863063551575
EX00546,0.0,1000.0,,0.10702093875598288,0.0,1000.0
EX00156,0.0,1000.0,,0.007573851998148503,0.0,1000.0
RC00192,-1000.0,1000.0,1.0,1.297407223324036,-1.297407223324036,1.297407223324036
RCC0179,0.0,1000.0,,0.5334433821236251,0.0,1000.0
RC00190,0.0,1000.0,1.0,2.568502530149294,0.0,2.568502530149294
RC00191,0.0,1000.0,1.0,2.5685025301161346,0.0,2.5685025301161346
RC00199,0.0,1000.0,1.0,3.8795616753419804,0.0,3.8795616753419804
TCM0084,0.0,1000.0,,1e-06,0.0,1000.0
DGR0028,0.0,1000.0,1.0,0.0135796,0.0,0.0135796
DGR0029,0.0,1000.0,,9.030000000000003e-05,0.0,1000.0
RC06262,0.0,1000.0,1.0,0.005290595478574996,0.0,0.005290595478574996
RC06263,0.0,1000.0,1.0,0.0052905954785224295,0.0,0.0052905954785224295
RC06260,0.0,1000.0,1.0,0.00529059547852243,0.0,0.00529059547852243
RC06261,0.0,1000.0,1.0,0.00529059547852243,0.0,0.00529059547852243
DGR0022,0.0,1000.0,,0.0006462796604000002,0.0,1000.0
DGR0023,0.0,1000.0,,0.0006462796604000002,0.0,1000.0
RC06264,0.0,1000.0,1.0,0.00529059547852243,0.0,0.00529059547852243
DGR0021,0.0,1000.0,1.0,0.002969395129600001,0.0,0.002969395129600001
EXC0174,0.0,1000.0,,0.014375946997042846,0.0,1000.0
RC00602,0.0,1000.0,2.167176111281986,1e-06,0.0,2.1671761112819858e-06
SNK0070,0.0,1000.0,,1e-06,0.0,1000.0
SNK0071,0.0,1000.0,,1e-06,0.0,1000.0
SNK0074,0.0,1000.0,,0.053510469378226296,0.0,1000.0
EXC0050,-0.1,1000.0,,0.1,-0.1,1000.0
RC04996,-1000.0,1000.0,1.0,1e-06,-1e-06,1e-06
RC01481,-1000.0,1000.0,,0.7902621460546952,-1000.0,1000.0
RC01641,-1000.0,1000.0,1.0,0.2805105913379503,-0.2805105913379503,0.2805105913379503
TCM0154,0.0,1000.0,,1e-06,0.0,1000.0
TCM0156,0.0,1000.0,,1000.0,0.0,1000.0
TCM0151,-1000.0,1000.0,,1e-06,-1000.0,1000.0
TCM0150,0.0,1000.0,,1e-06,0.0,1000.0
TCM0153,0.0,1000.0,,1e-06,0.0,1000.0
RM07411,0.0,1000.0,1.572258992830839,7.086526226053225e-06,0.0,1.114185458684377e-05
RM07412,-1000.0,1000.0,1.0,7.086526226053219e-06,-7.086526226053219e-06,7.086526226053219e-06
EX00429,0.0,1000.0,,0.1023410074412523,0.0,1000.0
EX00398,0.0,1000.0,,0.0026262357994618233,0.0,1000.0
EX00427,0.0,1000.0,,0.011660527442861132,0.0,1000.0
EX00422,0.0,1000.0,,0.00595689159516426,0.0,1000.0
RC00966,0.0,1000.0,1.0,2.5685025301225948,0.0,2.5685025301225948
TCE5082,-1000.0,1000.0,,0.027320016120044907,-1000.0,1000.0
EX05697,0.0,1000.0,,1e-06,0.0,1000.0
TCE5084,-1000.0,1000.0,1.0,2.0000000000000005e-05,-2.0000000000000005e-05,2.0000000000000005e-05
EX00642,0.0,1000.0,,0.0075738519981479275,0.0,1000.0
EX00643,0.0,1000.0,,0.0026262357994598254,0.0,1000.0
TCE5085,-1000.0,1000.0,1.0,0.054867912927833114,-0.054867912927833114,0.054867912927833114
RC02749,-1000.0,1000.0,1.0,0.7295863064158645,-0.7295863064158645,0.7295863064158645
RC02748,-1000.0,1000.0,1.0,1.3098650199085122,-1.3098650199085122,1.3098650199085122
RC02740,-1000.0,1000.0,1.0,1000.0,-1000.0,1000.0
RC02743,0.0,1000.0,1.0,1.2842512650771338,0.0,1.2842512650771338
RC02297,-1000.0,1000.0,1.0,2.589303376178297,-2.589303376178297,2.589303376178297
EX06232,0.0,1000.0,,0.0006250000000000002,0.0,1000.0
RC02295,-1000.0,1000.0,1.0,2.5685025302142557,-2.5685025302142557,2.5685025302142557
RC02746,0.0,1000.0,1.0,0.8576814642731596,0.0,0.8576814642731596
TCM5095,-1000.0,1000.0,,1000.0,-1000.0,1000.0
RMC0133,0.0,1000.0,1.0,1.0339915645729587,0.0,1.0339915645729587
RMC0132,0.0,1000.0,1.0,7.170962456689544e-06,0.0,7.170962456689544e-06
TCE0591,-1000.0,1000.0,,1e-06,-1000.0,1000.0
EX00239,0.0,1000.0,,0.04066795535546887,0.0,1000.0
TCE5329,-1000.0,1000.0,,0.07943822258433196,-1000.0,1000.0
TCE5328,-1000.0,1000.0,,0.007871337013699142,-1000.0,1000.0
TCE0758,-1000.0,1000.0,,0.004682790365479228,-1000.0,1000.0
TCE5325,-1000.0,1000.0,,0.044865316833592135,-1000.0,1000.0
TCE5324,-1000.0,1000.0,,0.04834402208645684,-1000.0,1000.0
TCE5327,-1000.0,1000.0,,0.0008331,-1000.0,1000.0
TCE5326,-1000.0,1000.0,,0.002626235799459825,-1000.0,1000.0
TCE5321,-1000.0,1000.0,,1e-06,-1000.0,1000.0
TCE5320,-1000.0,1000.0,,0.009357345104309031,-1000.0,1000.0
TCE5323,-1000.0,1000.0,,6.0000000000000015e-05,-1000.0,1000.0
TCE5322,-1000.0,1000.0,,0.028691658510572635,-1000.0,1000.0
RM10151,0.0,1000.0,1.0,0.008633244506083935,0.0,0.008633244506083935
EX00238,0.0,1000.0,,1e-06,0.0,1000.0
RC02902,0.0,1000.0,2.444472028748057,1e-06,0.0,2.444472028748057e-06
RC02908,0.0,1000.0,1.0,0.0026262357994598254,0.0,0.0026262357994598254
RMC0005,0.0,0.0,1.0,1e-06,0.0,0.0
RMC0004,0.0,1000.0,1.0,7.7866024573902965,0.0,7.7866024573902965
RMC0007,0.0,1000.0,1.0,1.541101518076667,0.0,1.541101518076667
RMC0006,0.0,1000.0,1.0,1.9056826448933455,0.0,1.9056826448933455
RMC0001,-1000.0,1000.0,1.0,1000.0,-1000.0,1000.0
RMC0003,0.0,1000.0,1.0,0.5334433821264837,0.0,0.5334433821264837
RMC0009,0.0,1000.0,,0.017266489012167874,0.0,1000.0
RMC0008,0.0,1000.0,1.0,1.8829943621608927,0.0,1.8829943621608927
RM01492,-1000.0,1000.0,1.0,2.0000000000000005e-05,-2.0000000000000005e-05,2.0000000000000005e-05
RM01251,0.0,1000.0,1.5702902804292094,1.8873916856452235,0.0,2.9637528193315963
RM01253,0.0,1000.0,0.5885907460828906,1.8829943621817173,0.0,1.1083130565064139
EX02642,0.0,1000.0,,0.10234100744036202,0.0,1000.0
RC03720,0.0,1000.0,1.0,1e-06,0.0,1e-06
EX01179,0.0,1000.0,,0.007573851998149583,0.0,1000.0
EX00197,0.0,1000.0,,0.13060182356444922,0.0,1000.0
TCE0374,0.0,1000.0,,1e-06,0.0,1000.0
TCE0376,-1000.0,1000.0,,0.013554117369394407,-1000.0,1000.0
TCE0370,0.0,1000.0,,0.008633244506121249,0.0,1000.0
TCE1202,-1000.0,1000.0,,0.5268414306977143,-1000.0,1000.0
TCE0379,-1000.0,1000.0,,0.7987791138528099,-1000.0,1000.0
TCE5505,-1000.0,1000.0,,1000.0,-1000.0,1000.0
RC02124,-1000.0,1000.0,1.0,1000.0,-1000.0,1000.0
RC03348,0.0,1000.0,1.0,0.002626235799457632,0.0,0.002626235799457632
TCE0574,0.0,1000.0,,2.5685025301273186,0.0,1000.0
TCE5501,0.0,1000.0,,666.9284863671129,0.0,1000.0
RM02678,0.0,1000.0,7.076790401962159,0.0026262357994598245,0.0,0.018585320298906704
RC03435,0.0,1000.0,1.0,0.6421256325263542,0.0,0.6421256325263542
RC04420,-1000.0,1000.0,1.0,0.04234678775642027,-0.04234678775642027,0.04234678775642027
RC03430,0.0,1000.0,1.0,0.04939427942595495,0.0,0.04939427942595495
RC03433,-1000.0,1000.0,1.0,0.049394279425839925,-0.049394279425839925,0.049394279425839925
RC03654,0.0,1000.0,1.0,0.03478339944623606,0.0,0.03478339944623606
RC03655,0.0,1000.0,1.0,0.006696651926295326,0.0,0.006696651926295326
RC03656,0.0,1000.0,1.0,0.018842245734493803,0.0,0.018842245734493803
RC03657,0.0,1000.0,1.0,0.02886051128774363,0.0,0.02886051128774363
RC03650,0.0,1000.0,1.0,0.001430389132462271,0.0,0.001430389132462271
RC03652,0.0,1000.0,1.0,0.011066378592032569,0.0,0.011066378592032569
TCM5058,0.0,1000.0,,1000.0,0.0,1000.0
TCM5057,0.0,1000.0,1.0,0.10328520261227205,0.0,0.10328520261227205
RCC0230,0.0,1000.0,,0.013149330359354344,0.0,1000.0
TCM5055,0.0,1000.0,1.0,0.1306018235691821,0.0,0.1306018235691821
TCM5054,0.0,1000.0,1.0,0.1027401012077549,0.0,0.1027401012077549
RC03658,0.0,1000.0,1.0,0.02857720745434162,0.0,0.02857720745434162
RC03659,0.0,1000.0,1.0,0.004932570753783548,0.0,0.004932570753783548
TCM5051,0.0,1000.0,1.0,0.055837011526040696,0.0,0.055837011526040696
RCC0231,0.0,1000.0,,0.014375946997353712,0.0,1000.0
DMN0057,0.0,1000.0,,1e-06,0.0,1000.0
EX02737,0.0,1000.0,,0.006133867390102901,0.0,1000.0
RM00709,0.0,1000.0,1.0,0.8204735849271169,0.0,0.8204735849271169
TCM0214,0.0,1000.0,,1e-06,0.0,1000.0
EX05122,0.0,1000.0,,1e-06,0.0,1000.0
RC04513,0.0,1000.0,1.0,2.568502530193894,0.0,2.568502530193894
EX00469,0.0,1000.0,,0.1278896558252351,0.0,1000.0
RM05373,0.0,1000.0,1.0,1.9263768976453834,0.0,1.9263768976453834
RC08723,-1000.0,1000.0,1.0,1e-06,-1e-06,1e-06
RC00851,0.0,1000.0,1.0,2.5757806417283464,0.0,2.5757806417283464
RC01108,0.0,1000.0,,0.007573851998319214,0.0,1000.0
RC01103,0.0,1000.0,1.5909549738920201,1e-06,0.0,1.59095497389202e-06
RC01100,0.0,1000.0,1.0,1e-06,0.0,1e-06
RC01101,0.0,1000.0,1.5909549738920201,1e-06,0.0,1.59095497389202e-06
EX05127,0.0,1000.0,,1e-06,0.0,1000.0
RC00291,-1000.0,1000.0,1.0,0.054640032240866505,-0.054640032240866505,0.054640032240866505
RC00293,0.0,1000.0,1.0,0.024320731225563278,0.0,0.024320731225563278
RC04779,0.0,1000.0,1.0,2.622721547557627,0.0,2.622721547557627
RC02055,0.0,1000.0,1.0,0.5268414307041142,0.0,0.5268414307041142
TCM0196,-1000.0,1000.0,,0.047119381231475556,-1000.0,1000.0
RC04770,-1000.0,1000.0,1.0,2.000000000000001e-05,-2.000000000000001e-05,2.000000000000001e-05
RC04286,0.0,1000.0,1.0,0.048564493572300256,0.0,0.048564493572300256
TCM1071,0.0,1000.0,,1.913151985752021,0.0,1000.0
EX00299,0.0,1000.0,,0.04323497105854524,0.0,1000.0
RC02059,0.0,1000.0,1.0,1000.0,0.0,1000.0
TCM1073,0.0,1000.0,,1000.0,0.0,1000.0
RCC0250,0.0,1000.0,1.0,2.5685025302299467,0.0,2.5685025302299467
RC00366,0.0,1000.0,1.0,0.7705507590581745,0.0,0.7705507590581745
RM02529,0.0,1000.0,1.0,0.3604163027785967,0.0,0.3604163027785967
EX15520,0.0,1000.0,,1e-06,0.0,1000.0
RCC0032,-1000.0,1000.0,1.0,2.1522456289920474e-05,-2.1522456289920474e-05,2.1522456289920474e-05
RC01819,-1000.0,1000.0,1.0,0.03513499315797265,-0.03513499315797265,0.03513499315797265
RCC0030,0.0,1000.0,,0.0023565691766400136,0.0,1000.0
RCC0031,0.0,1000.0,1.0,0.002356569176624206,0.0,0.002356569176624206
RC01072,0.0,1000.0,1.0,0.07576855523520816,0.0,0.07576855523520816
RCC0037,0.0,1000.0,1.0,0.005290595478589321,0.0,0.005290595478589321
RC01070,-1000.0,1000.0,1.0,2.5685025301978497,-2.5685025301978497,2.5685025301978497
RCC0038,0.0,1000.0,1.0,0.005165793680978792,0.0,0.005165793680978792
RCC0039,0.0,1000.0,1.0,0.004961461282557115,0.0,0.004961461282557115
RC01814,0.0,1000.0,1.0,0.0026262357994598254,0.0,0.0026262357994598254
RC01815,0.0,1000.0,1.0,0.007573851998319219,0.0,0.007573851998319219
RC01816,0.0,1000.0,,0.0026262357994598262,0.0,1000.0
RC05556,0.0,1000.0,1.0,0.002356569176633479,0.0,0.002356569176633479
RC00078,0.0,1000.0,2.3737481310251107,2.2325000000000004e-05,0.0,5.299392702513561e-05
RM00781,0.0,1000.0,1.0,0.017266489012167874,0.0,0.017266489012167874
EX00232,0.0,1000.0,,1e-06,0.0,1000.0
DMN0100,0.0,1000.0,,2.568502530203598,0.0,1000.0
RC01252,0.0,1000.0,1.0,0.29705534758930124,0.0,0.29705534758930124
RM08781,0.0,1000.0,1.0,0.004576667087684254,0.0,0.004576667087684254
EX00099,0.0,1000.0,,0.11802766382062685,0.0,1000.0
RM04224,-1000.0,1000.0,1.734712463439418,0.01420195037113206,-0.024636300313950855,0.024636300313950855
TCE7572,-1000.0,1000.0,,0.002626235799459826,-1000.0,1000.0
EX00094,0.0,1000.0,,0.017266489012167863,0.0,1000.0
EX00097,0.0,1000.0,,0.01726648901216787,0.0,1000.0
EX00093,0.0,1000.0,,0.09396960476280132,0.0,1000.0
TCE1184,-1000.0,1000.0,,0.007871337013692244,-1000.0,1000.0
RM00258,-1000.0,1000.0,1.0,4.496866233626239,-4.496866233626239,4.496866233626239
EX00708,0.0,1000.0,,1e-06,0.0,1000.0
EX00259,0.0,1000.0,,0.06345294066616351,0.0,1000.0
EX00257,0.0,1000.0,,1e-06,0.0,1000.0
EX00704,0.0,1000.0,,0.002626235799459832,0.0,1000.0
EX00255,0.0,1000.0,,0.0004389000000000002,0.0,1000.0
RC00670,0.0,1000.0,1.6799364236095438,0.4290799465137574,0.0,0.720827030788896
EXC0162,0.0,1000.0,,0.01314933035932872,0.0,1000.0
EXC0163,0.0,1000.0,,0.014375946997253303,0.0,1000.0
EXC0160,0.0,1000.0,,0.013149330359264692,0.0,1000.0
EX00250,0.0,1000.0,,6.000000000000002e-05,0.0,1000.0
SNK0045,0.0,1000.0,,0.04853492566989478,0.0,1000.0
EX00378,0.0,1000.0,,0.00011030000000000007,0.0,1000.0
RM08657,0.0,1000.0,1.0,1.882994362206117,0.0,1.882994362206117
TCM2002,0.0,1000.0,,2.568502530185323,0.0,1000.0
RC01498,0.0,1000.0,1.0,2.5685025301888995,0.0,2.5685025301888995
RM00335,0.0,1000.0,1.0,1.926376897632475,0.0,1.926376897632475
RC01494,0.0,1000.0,1.0,2.568502530188856,0.0,2.568502530188856
RC01495,0.0,1000.0,1.0,2.5685025301870748,0.0,2.5685025301870748
RC01496,-1000.0,1000.0,1.0,2.5685025301874584,-2.5685025301874584,2.5685025301874584
RC01497,0.0,1000.0,1.0,2.5685025301870725,0.0,2.5685025301870725
TCM2004,-1000.0,1000.0,,0.5268414307044094,-1000.0,1000.0
TCM0143,0.0,1000.0,,1e-06,0.0,1000.0
TCM0140,0.0,1000.0,,1e-06,0.0,1000.0
TCM0141,0.0,1000.0,,0.003598643194206871,0.0,1000.0
RC00703,-1000.0,1000.0,1.0,0.11937112847300918,-0.11937112847300918,0.11937112847300918
RC01658,0.0,1000.0,1.0,0.004621046327025412,0.0,0.004621046327025412
TCM0145,-1000.0,1000.0,,1000.0,-1000.0,1000.0
TCM0148,0.0,1000.0,,1e-06,0.0,1000.0
RC01655,-1000.0,1000.0,2.057649479734558,1000.0,-2057.649479734558,2057.649479734558
EX00379,0.0,1000.0,,0.05871764658721877,0.0,1000.0
EX05332,0.0,1000.0,,0.004682790365505362,0.0,1000.0
EX05335,0.0,1000.0,,2.000000000000001e-05,0.0,1000.0
TCE0518,-1000.0,1000.0,,0.0768236876692057,-1000.0,1000.0
EX00671,0.0,1000.0,,0.00884753820200364,0.0,1000.0
EX00670,0.0,1000.0,,0.028691658509362585,0.0,1000.0
RM05577,0.0,1000.0,1.0,0.006200389475538053,0.0,0.006200389475538053
RM05578,0.0,1000.0,1.0,0.006433336713848734,0.0,0.006433336713848734
EX00077,0.0,1000.0,,0.06490284905215547,0.0,1000.0
EX00075,0.0,1000.0,,0.04171068412203032,0.0,1000.0
EX00074,0.0,1000.0,,0.13060182356740313,0.0,1000.0
EX00073,0.0,1000.0,,0.009357345104309035,0.0,1000.0
EX00072,0.0,1000.0,,1e-06,0.0,1000.0
EX00079,0.0,1000.0,,0.004682790365505367,0.0,1000.0
EX00078,0.0,1000.0,,0.002626235799459825,0.0,1000.0
RC02288,0.0,1000.0,0.5427274710514758,0.0024099506500189372,0.0,0.001307946421643638
RMC0122,0.0,1000.0,1.0,0.17123350201842497,0.0,0.17123350201842497
RMC0123,0.0,1000.0,1.0,0.13759834983208347,0.0,0.13759834983208347
RMC0120,0.0,1000.0,1.0,0.0017870188641916725,0.0,0.0017870188641916725
RMC0121,0.0,1000.0,1.0,0.20277651554312892,0.0,0.20277651554312892
TCE1298,-1000.0,1000.0,,0.06345294066694628,-1000.0,1000.0
TCE0699,0.0,1000.0,,0.00026031049520000007,0.0,1000.0
RC02286,0.0,1000.0,1.0,0.002409950650018937,0.0,0.002409950650018937
TCM0066,0.0,1000.0,,1000.0,0.0,1000.0
TCE0697,0.0,1000.0,,0.03934255460723627,0.0,1000.0
TCE5406,0.0,1000.0,,1.2842512650970939,0.0,1000.0
TCE5338,-1000.0,1000.0,,0.01726648901216786,-1000.0,1000.0
TCE5339,-1000.0,1000.0,,0.10702093875691548,-1000.0,1000.0
TCE5332,-1000.0,1000.0,,0.13060182356890074,-1000.0,1000.0
TCE5333,-1000.0,1000.0,,0.042489682471205104,-1000.0,1000.0
TCE5330,-1000.0,1000.0,,0.002626235799459827,-1000.0,1000.0
TCE5331,-1000.0,1000.0,,0.13060182357070949,-1000.0,1000.0
TCE5336,-1000.0,1000.0,,0.002409950650018937,-1000.0,1000.0
TCE5337,-1000.0,1000.0,,0.09396960476326086,-1000.0,1000.0
TCE5334,-1000.0,1000.0,,0.007573851998319222,-1000.0,1000.0
TCE5335,-1000.0,1000.0,,0.10702093875779727,-1000.0,1000.0
TCE1185,-1000.0,1000.0,,0.10801829138001531,-1000.0,1000.0
RC04940,-1000.0,1000.0,,1e-06,-1000.0,1000.0
TCE1186,-1000.0,1000.0,,0.11675011500936502,-1000.0,1000.0
TCE1182,-1000.0,1000.0,,0.1786857543680985,-1000.0,1000.0
EX01613,0.0,1000.0,,1e-06,0.0,1000.0
TCE1189,-1000.0,1000.0,,0.002409950650018937,-1000.0,1000.0
RC02914,0.0,1000.0,1.0,0.002409950650018937,0.0,0.002409950650018937
RC02918,0.0,1000.0,1.0,0.010457167290624257,0.0,0.010457167290624257
RMC0012,0.0,1000.0,1.0,0.01420195037113207,0.0,0.01420195037113207
RMC0013,0.0,1000.0,1.0,0.00884753820200364,0.0,0.00884753820200364
RMC0011,0.0,1000.0,1.0,0.01439244961778441,0.0,0.01439244961778441
RMC0016,-1000.0,1000.0,,0.29705534757983515,-1000.0,1000.0
RMC0014,0.0,1000.0,1.0,0.010497572813110376,0.0,0.010497572813110376
RMC0015,-1000.0,1000.0,,0.3014526710448136,-1000.0,1000.0
RCC0123,0.0,1000.0,1.0,0.13759834982989644,0.0,0.13759834982989644
RC02757,0.0,1000.0,1.0,1.2842512651210396,0.0,1.2842512651210396
RC02750,0.0,1000.0,1.0,1e-06,0.0,1e-06
EX01103,0.0,1000.0,,0.04120592294370577,0.0,1000.0
EX00909,0.0,1000.0,,0.011834565165668859,0.0,1000.0
TCE0360,-1000.0,1000.0,,0.014033909134808353,-1000.0,1000.0
TCM0149,0.0,1000.0,,1e-06,0.0,1000.0
TCE0368,-1000.0,1000.0,,0.0016662,-1000.0,1000.0
EXC0135,0.0,1000.0,,0.0025702233468661772,0.0,1000.0
TCE5045,-1000.0,1000.0,,1e-06,-1000.0,1000.0
TCE5046,-1000.0,1000.0,,2.000000000000001e-05,-1000.0,1000.0
TCE5040,-1000.0,1000.0,,1e-06,-1000.0,1000.0
TCE5041,-1000.0,1000.0,,1e-06,-1000.0,1000.0
TCE5042,-1000.0,1000.0,,0.06345294066671453,-1000.0,1000.0
TCE5043,-1000.0,1000.0,,0.06901898809361687,-1000.0,1000.0
EX05402,0.0,1000.0,,1e-06,0.0,1000.0
RM02661,-1000.0,1000.0,1.0,0.014201950371132059,-0.014201950371132059,0.014201950371132059
RC03661,0.0,1000.0,1.0,0.023494324551023148,0.0,0.023494324551023148
RM02085,-1000.0,1000.0,1.0,0.010286614106684093,-0.010286614106684093,0.010286614106684093
RC03663,0.0,1000.0,1.0,0.019613287292562023,0.0,0.019613287292562023
RC03662,0.0,1000.0,1.0,0.019682595597930626,0.0,0.019682595597930626
RC03889,0.0,1000.0,,0.002626235799024418,0.0,1000.0
TCM5049,0.0,1000.0,1.0,0.0558370115249732,0.0,0.0558370115249732
TCM5510,-1000.0,1000.0,,1000.0,-1000.0,1000.0
TCM5047,0.0,1000.0,,0.00047889999999934204,0.0,1000.0
TCM5040,-1000.0,1000.0,,1e-06,-1000.0,1000.0
RC04360,-1000.0,1000.0,,0.26762003558106345,-1000.0,1000.0
RC03393,0.0,1000.0,,0.6421256325494823,0.0,1000.0
RC03394,0.0,1000.0,1.0,0.6421256325494525,0.0,0.6421256325494525
RC04162,0.0,1000.0,1.0,0.24270998949077877,0.0,0.24270998949077877
RM03425,-1000.0,1000.0,1.0,2.2339488772116676,-2.2339488772116676,2.2339488772116676
RC04560,-1000.0,1000.0,1.0,0.07576855523533287,-0.07576855523533287,0.07576855523533287
EX03722,0.0,1000.0,,0.00262623579945979,0.0,1000.0
RC03245,0.0,1000.0,1.0,0.051980113360910726,0.0,0.051980113360910726
RC00847,0.0,1000.0,1.0,0.8600434953511483,0.0,0.8600434953511483
RC03719,0.0,1000.0,1.0,1e-06,0.0,1e-06
RC03718,0.0,1000.0,1.0,1e-06,0.0,1e-06
RC00842,-1000.0,1000.0,0.24866648190077187,1000.0,-248.66648190077186,248.66648190077186
RC00286,0.0,1000.0,1.0,0.7902621460567049,0.0,0.7902621460567049
RC00287,0.0,1000.0,1.0,2.5685025301976045,0.0,2.5685025301976045
RC00289,-1000.0,1000.0,2.5511400373417117,25.687107714826446,-65.53140893480291,65.53140893480291
RM07136,-1000.0,1000.0,1.0,0.01726648901216787,-0.01726648901216787,0.01726648901216787
RC09394,0.0,1000.0,1.0,0.0006250000000000002,0.0,0.0006250000000000002
TCE0710,-1000.0,1000.0,,0.007573851998319217,-1000.0,1000.0
RM02530,-1000.0,1000.0,1.0,0.42808375503196766,-0.42808375503196766,0.42808375503196766
RM03336,-1000.0,1000.0,,0.007573851998319212,-1000.0,1000.0
RC01001,0.0,1000.0,1.0,0.009357345104309033,0.0,0.009357345104309033
RC01000,-1000.0,1000.0,1.0,0.08145538003099322,-0.08145538003099322,0.08145538003099322
RC01005,0.0,1000.0,1.0,0.015871786435900835,0.0,0.015871786435900835
RC01009,-1000.0,1000.0,1.0,0.021162381914342082,-0.021162381914342082,0.021162381914342082
RM01868,0.0,1000.0,1.0,0.42808375502928775,0.0,0.42808375502928775
RC03866,0.0,1000.0,1.8025132978902327,0.011660527442903926,0.0,0.02101825577624832
TCE5100,-1000.0,1000.0,,0.006787098793550828,-1000.0,1000.0
TCE5102,-1000.0,1000.0,,0.009809268532446945,-1000.0,1000.0
RM03758,0.0,1000.0,,0.36041630277995623,0.0,1000.0
RC10633,-1000.0,1000.0,1.0,1000.0,-1000.0,1000.0
TCE5109,-1000.0,1000.0,,1e-06,-1000.0,1000.0
EX00089,0.0,1000.0,,1e-06,0.0,1000.0
EX00082,0.0,1000.0,,0.007573851998319215,0.0,1000.0
EX00080,-1000.0,1000.0,,2.66988123815505,-1000.0,1000.0
EX00081,0.0,1000.0,,0.04853492567008395,0.0,1000.0
RCC0167,0.0,1000.0,1.0,0.12692993513000408,0.0,0.12692993513000408
RC01711,0.0,1000.0,1.0,2.000000000000001e-05,0.0,2.000000000000001e-05
RC01710,0.0,1000.0,1.0,2.000000000000001e-05,0.0,2.000000000000001e-05
RM00248,-1000.0,1000.0,1.0,1000.0,-1000.0,1000.0
RC00669,-1000.0,1000.0,1.0,0.048173288284501306,-0.048173288284501306,0.048173288284501306
EX00366,0.0,1000.0,,0.11236559669087173,0.0,1000.0
EX00719,0.0,1000.0,,0.047119381231337014,0.0,1000.0
DMN0065,0.0,1000.0,,0.011660527442939533,0.0,1000.0
EX00249,0.0,1000.0,,0.01595404157166929,0.0,1000.0
EXC0053,0.0,1000.0,,0.009974500000000002,0.0,1000.0
EX00245,0.0,1000.0,,0.017266489012167947,0.0,1000.0
RC00662,0.0,1000.0,1.0,2.5685025301988142,0.0,2.5685025301988142
RM00243,-1000.0,1000.0,1.0,1000.0,-1000.0,1000.0
RM00245,0.0,1000.0,1.0,1.9308597593264958,0.0,1.9308597593264958
EX00242,0.0,1000.0,,0.08989247735260547,0.0,1000.0
EX00243,0.0,1000.0,,1e-06,0.0,1000.0
RC01393,0.0,1000.0,,0.15725525695099293,0.0,1000.0
RC01827,-1000.0,1000.0,1.0,2.605631671563204,-2.605631671563204,2.605631671563204
RC01397,0.0,1000.0,1.89458094600281,0.4280837550340212,0.0,0.8110393255807911
TCE0346,-1000.0,1000.0,,1e-06,-1000.0,1000.0
EXC0056,0.0,1000.0,,0.0008330999999999998,0.0,1000.0
SNK0056,0.0,1000.0,,1e-06,0.0,1000.0
EXC0057,0.0,1000.0,,0.0008331000000000001,0.0,1000.0
EX00881,0.0,1000.0,,0.04066795535561727,0.0,1000.0
EX01530,0.0,1000.0,,0.01403390913480997,0.0,1000.0
EXC0055,0.0,1000.0,,0.0008331000000000001,0.0,1000.0
RC10928,0.0,1000.0,1.0,0.8561675100697331,0.0,0.8561675100697331
EX05100,0.0,1000.0,,0.07020095597373036,0.0,1000.0
EX00407,0.0,1000.0,,0.008847538202003636,0.0,1000.0
RC00710,0.0,1000.0,7.076790401962159,1000.0,0.0,7076.790401962158
RC00711,0.0,1000.0,1.0,1000.0,0.0,1000.0
RC08707,-1000.0,1000.0,1.0,0.5334433821259639,-0.5334433821259639,0.5334433821259639
EX00086,0.0,1000.0,,0.011706076183974666,0.0,1000.0
RC00996,0.0,1000.0,1.0,1.025803186477444,0.0,1.025803186477444
EX00084,0.0,1000.0,,0.15197084244185274,0.0,1000.0
RE10092,-1000.0,1000.0,0.3355335543656041,1000.0,-335.5335543656041,335.5335543656041
RC03648,0.0,1000.0,1.0,0.010250001884334493,0.0,0.010250001884334493
EX00669,0.0,1000.0,,0.01726648901216769,0.0,1000.0
EX00064,0.0,1000.0,,0.07817876714860392,0.0,1000.0
EX00065,0.0,1000.0,,0.13060182356905917,0.0,1000.0
EX00067,0.0,1000.0,,0.3669289328833811,0.0,1000.0
EX00061,0.0,1000.0,,0.0004389000000000001,0.0,1000.0
EX00062,0.0,1000.0,,0.01170607618397468,0.0,1000.0
EX00068,0.0,1000.0,,9.030000000000003e-05,0.0,1000.0
EX01595,0.0,1000.0,,0.013554117369401795,0.0,1000.0
RMC0155,0.0,1000.0,,1.9056826448978472,0.0,1000.0
RMC0154,0.0,1000.0,1.0,1.9263768976401503,0.0,1.9263768976401503
EX00170,0.0,1000.0,,0.009357345104309035,0.0,1000.0
TCE0779,-1000.0,1000.0,,0.04898019391823186,-1000.0,1000.0
RM01301,0.0,1000.0,,0.007573851998319214,0.0,1000.0
TCE0777,-1000.0,1000.0,,1e-06,-1000.0,1000.0
EX05635,0.0,1000.0,,0.002626235799459826,0.0,1000.0
TCE1197,-1000.0,1000.0,,0.0649028490524334,-1000.0,1000.0
TCE1194,-1000.0,1000.0,,0.09065303047682392,-1000.0,1000.0
RC02383,0.0,1000.0,6.25166517875211,0.007573851998319217,0.0,0.04734918680691433
RC02382,0.0,1000.0,1.0,0.007573851998319215,0.0,0.007573851998319215
RC02389,0.0,1000.0,2.444472028748057,1e-06,0.0,2.444472028748057e-06
TCE0482,-1000.0,1000.0,,0.04066795535546625,-1000.0,1000.0
TCE0487,0.0,1000.0,,0.017266489012168217,0.0,1000.0
TCE0486,-1000.0,1000.0,,1000.0,-1000.0,1000.0
TCE0484,-1000.0,1000.0,,0.30307422094103414,-1000.0,1000.0
RC01829,-1000.0,1000.0,1.0,2.622721547591633,-2.622721547591633,2.622721547591633
RM01278,0.0,1000.0,1.0,1.8829943621968397,0.0,1.8829943621968397
EX01132,0.0,1000.0,,1e-06,0.0,1000.0
EX01137,0.0,1000.0,,0.009357345104256672,0.0,1000.0
EX03197,0.0,1000.0,,0.08765322090565214,0.0,1000.0
RM00908,-1000.0,1000.0,1.0,0.5479209861149886,-0.5479209861149886,0.5479209861149886
RC03416,0.0,1000.0,1.0,2.568502530199109,0.0,2.568502530199109
TCE0399,0.0,1000.0,,1000.0,0.0,1000.0
TCE0392,-1000.0,1000.0,,1e-06,-1000.0,1000.0
TCE5071,-1000.0,1000.0,,0.09065303047719359,-1000.0,1000.0
TCE5070,0.0,1000.0,,0.04818549433700567,0.0,1000.0
TCE5073,0.0,1000.0,,1e-06,0.0,1000.0
TCE5072,-1000.0,1000.0,,2.0000000000000005e-05,-1000.0,1000.0
TCE5075,-1000.0,1000.0,,0.004682790365505364,-1000.0,1000.0
TCE5074,0.0,1000.0,,1e-06,0.0,1000.0
TCE5077,0.0,1000.0,,0.004682790365505366,0.0,1000.0
TCE5076,0.0,1000.0,,0.0046827903655053665,0.0,1000.0
TCE5079,-1000.0,1000.0,,2.000000000000001e-05,-1000.0,1000.0
TCE5078,0.0,1000.0,,0.004682790365505367,0.0,1000.0
RC07396,0.0,1000.0,1.0,0.04234678775671698,0.0,0.04234678775671698
RC07392,0.0,1000.0,1.0,0.04234678775732725,0.0,0.04234678775732725
RC08383,-1000.0,1000.0,1.0,1e-06,-1e-06,1e-06
RC08381,-1000.0,1000.0,1.0,1e-06,-1e-06,1e-06
RC08388,-1000.0,1000.0,1.0,1e-06,-1e-06,1e-06
RC07377,-1000.0,1000.0,1.0,0.5268906089896823,-0.5268906089896823,0.5268906089896823
RC07372,0.0,1000.0,,1e-06,0.0,1000.0
RM01214,-1000.0,1000.0,1.0,0.014201950371132057,-0.014201950371132057,0.014201950371132057
RC04176,0.0,1000.0,1.0,1000.0,0.0,1000.0
RC04171,-1000.0,1000.0,1.0,0.0026262357994598254,-0.0026262357994598254,0.0026262357994598254
RC07379,0.0,1000.0,1.0,0.011535191003486572,0.0,0.011535191003486572
RC04173,-1000.0,1000.0,1.0,2.2451054792058507,-2.2451054792058507,2.2451054792058507
RC02541,0.0,1000.0,1.0,2.5685025302194875,0.0,2.5685025302194875
RM02433,-1000.0,1000.0,1.0,0.017266489014065186,-0.017266489014065186,0.017266489014065186
RC04571,-1000.0,1000.0,,0.012283645452487812,-1000.0,1000.0
EX03758,0.0,1000.0,,0.007573851998319215,0.0,1000.0
RC00875,-1000.0,1000.0,1.6579045059604989,2.579440803171691,-4.276466530436714,4.276466530436714
RC01547,-1000.0,1000.0,1.0,0.7153271686486513,-0.7153271686486513,0.7153271686486513
RC00475,0.0,1000.0,1.0,1e-06,0.0,1e-06
RC00471,-1000.0,1000.0,,1000.0,-1000.0,1000.0
TCE0622,-1000.0,1000.0,,1000.0,-1000.0,1000.0
TCE0825,-1000.0,1000.0,,1e-06,-1000.0,1000.0
TCE0621,-1000.0,1000.0,,2.000000000021358e-05,-1000.0,1000.0
RC00278,0.0,1000.0,1.0,0.7705507590552914,0.0,0.7705507590552914
RC00277,0.0,1000.0,1.0,2.0000000000000012e-05,0.0,2.0000000000000012e-05
RC00275,0.0,1000.0,3.2328744758681203,0.0013131178997299127,0.0,0.004245145341842388
RC00274,-1000.0,1000.0,1.0,0.3993895569194292,-0.3993895569194292,0.3993895569194292
RE00548,0.0,1000.0,1.0,0.04751161337455898,0.0,0.04751161337455898
RC00585,-1000.0,1000.0,1.0,0.15725525695051426,-0.15725525695051426,0.15725525695051426
RM00197,0.0,1000.0,1.0,0.43082145503439295,0.0,0.43082145503439295
RC01010,0.0,1000.0,1.0,2.5685025301954,0.0,2.5685025301954
RC01011,0.0,1000.0,1.0,2.56850253021575,0.0,2.56850253021575
RC01013,0.0,1000.0,0.6316988291129629,0.2676200355838582,0.0,0.1690552631254927
RC01015,-1000.0,1000.0,1.0,0.5971765756087781,-0.5971765756087781,0.5971765756087781
RC01016,0.0,1000.0,,0.42808375503396345,0.0,1000.0
RC01018,0.0,1000.0,1.0,0.0023565691766381353,0.0,0.0023565691766381353
RM03102,0.0,1000.0,1.0,0.007871337013692244,0.0,0.007871337013692244
RM03103,0.0,1000.0,1.0,0.00787133701369225,0.0,0.00787133701369225
RC09036,-1000.0,1000.0,1.0,1e-06,-1e-06,1e-06
RC09035,-1000.0,1000.0,1.0,1e-06,-1e-06,1e-06
EX00402,0.0,1000.0,,1e-06,0.0,1000.0
RC00010,0.0,1000.0,1.5265885999393918,1.2842512651034597,0.0,1.9605233407646832
RC03875,0.0,1000.0,1.0,0.23364719148493376,0.0,0.23364719148493376
RC00383,0.0,1000.0,,2.5685025301931295,0.0,1000.0
TCE0784,-1000.0,1000.0,,0.042662332680410565,-1000.0,1000.0
TCE1302,-1000.0,1000.0,,0.1519708424418445,-1000.0,1000.0
EX15610,0.0,1000.0,,1e-06,0.0,1000.0
RM00275,0.0,1000.0,7.514285651131993,0.0013131178997294348,0.0,0.009867142992181471
EX00315,0.0,1000.0,,0.03193507754433895,0.0,1000.0
RC00650,0.0,1000.0,1.0,1.2850595531635314,0.0,1.2850595531635314
RC01704,-1000.0,1000.0,1.0,0.5137005060391552,-0.5137005060391552,0.5137005060391552
RC00658,-1000.0,1000.0,1.0,2.103646394783815,-2.103646394783815,2.103646394783815
RC00497,0.0,1000.0,1.0,1.2842512650697624,0.0,1.2842512650697624
RC00494,-1000.0,1000.0,1.0,2.568502530177315,-2.568502530177315,2.568502530177315
RE00160,0.0,1000.0,1.0,0.04807398568344634,0.0,0.04807398568344634
RM00471,-1000.0,1000.0,,1000.0,-1000.0,1000.0
EX00272,0.0,1000.0,,0.048344022087267534,0.0,1000.0
RM00479,-1000.0,1000.0,1.0,2.449795134986853,-2.449795134986853,2.449795134986853
RC01830,-1000.0,1000.0,1.0,0.2805105913398402,-0.2805105913398402,0.2805105913398402
RC01384,0.0,1000.0,1.0,0.025884765388016852,0.0,0.025884765388016852
EX00183,0.0,1000.0,,0.01420195037113206,0.0,1000.0
EX00181,0.0,1000.0,,0.06345294066681234,0.0,1000.0
EX00187,0.0,1000.0,,1e-06,0.0,1000.0
EX00186,0.0,1000.0,,0.11937112847301207,0.0,1000.0
EX00185,0.0,1000.0,,1e-06,0.0,1000.0
EX00189,0.0,1000.0,,0.11910612414462578,0.0,1000.0
EX00188,0.0,1000.0,,0.09065303047757053,0.0,1000.0
EX00473,0.0,1000.0,,1e-06,0.0,1000.0
RC00720,0.0,1000.0,1.0,1000.0,0.0,1000.0
RC00722,-1000.0,1000.0,1.0,1000.0,-1000.0,1000.0
EX00475,0.0,1000.0,,0.04266233268096505,0.0,1000.0
RCC0172,0.0,1000.0,1.0,0.0503191731980005,0.0,0.0503191731980005
RC06099,-1000.0,1000.0,1.0,0.005464613878121114,-0.005464613878121114,0.005464613878121114
RM00004,0.0,1000.0,1.0,0.09786414567885379,0.0,0.09786414567885379
RC02957,-1000.0,1000.0,7.076790401962159,0.06901898809293036,-0.4884329124891901,0.4884329124891901
EX00698,0.0,1000.0,,1e-06,0.0,1000.0
EX00696,0.0,1000.0,,0.011660527442995129,0.0,1000.0
EX00695,0.0,1000.0,,1e-06,0.0,1000.0
RC01528,0.0,1000.0,1.0,0.7902621460575262,0.0,0.7902621460575262
RC01529,-1000.0,1000.0,1.0,0.5610211826801217,-0.5610211826801217,0.5610211826801217
EX00051,0.0,1000.0,,0.01726648901216786,0.0,1000.0
TCM0059,-1000.0,1000.0,,7.705507590562321,-1000.0,1000.0
DMN0009,0.0,1000.0,,0.044171422047919906,0.0,1000.0
EX00054,0.0,1000.0,,0.047382581147347155,0.0,1000.0
EX00059,0.0,1000.0,,0.01726648901216785,0.0,1000.0
EX00058,0.0,1000.0,,0.5268414307049556,0.0,1000.0
RC08725,0.0,1000.0,1.0,1e-06,0.0,1e-06
TCM0208,0.0,1000.0,,1000.0,0.0,1000.0
TCE0766,0.0,1000.0,,1e-06,0.0,1000.0
TCE0437,0.0,1000.0,,1e-06,0.0,1000.0
RC06364,-1000.0,1000.0,0.43429350000798317,0.013352853470328826,-0.00579905746872285,0.00579905746872285
RM03313,0.0,1000.0,1.0,1.9263768976519804,0.0,1.9263768976519804
EX14818,0.0,1000.0,,7.638652622605323e-05,0.0,1000.0
EX14819,0.0,1000.0,,7.638652622605323e-05,0.0,1000.0
RC04929,0.0,1000.0,1.0,1e-06,0.0,1e-06
RC04928,-1000.0,1000.0,1.0,1e-06,-1e-06,1e-06
TCE1169,-1000.0,1000.0,,2.000000000000001e-05,-1000.0,1000.0
TCE1164,-1000.0,1000.0,,0.08026570406868586,-1000.0,1000.0
TCE1161,-1000.0,1000.0,,0.1167501150089919,-1000.0,1000.0
RC02396,0.0,1000.0,1.0,1000.0,0.0,1000.0
RC02397,0.0,1000.0,1.0,0.007871337013692246,0.0,0.007871337013692246
RC07140,-1000.0,1000.0,1.0,1000.0,-1000.0,1000.0
TCE5401,0.0,1000.0,,2.568502530169271,0.0,1000.0
RC02731,0.0,1000.0,1.0,2.5685025301718962,0.0,2.5685025301718962
RC02732,0.0,1000.0,1.0,2.5685025301515365,0.0,2.5685025301515365
RC02736,-1000.0,1000.0,1.0,0.7902621460504136,-0.7902621460504136,0.7902621460504136
RC02737,0.0,1000.0,1.6295862138999093,1.284251265089045,0.0,2.0927981567726257
RC02739,-1000.0,1000.0,1.0,1000.0,-1000.0,1000.0
RC02640,-1000.0,1000.0,0.6224133738813366,0.7902621460543721,-0.49186972857640726,0.49186972857640726
EX02165,0.0,1000.0,,0.011834565165907135,0.0,1000.0
TCE0531,-1000.0,1000.0,,0.010286614105372885,-1000.0,1000.0
EX00318,0.0,1000.0,,0.007871337013534936,0.0,1000.0
TCM1286,-1000.0,1000.0,,0.5334433821270503,-1000.0,1000.0
TCE0389,-1000.0,1000.0,,0.054640032240876615,-1000.0,1000.0
RM00533,0.0,1000.0,1.0,0.01726648901216787,0.0,0.01726648901216787
TCE0384,0.0,1000.0,,2.5685025301905484,0.0,1000.0
RC03469,0.0,1000.0,1.0,2.568502530199624,0.0,2.568502530199624
TCE0382,-1000.0,1000.0,,0.008847538202003635,-1000.0,1000.0
RM04753,0.0,1000.0,1.0,1.8829943622177363,0.0,1.8829943622177363
RM04741,-1000.0,1000.0,1.6521318446075013,0.17759082918136454,-0.29340346420078345,0.29340346420078345
RM04740,-1000.0,1000.0,1.734712463439418,0.17675772918136654,-0.30662383582016584,0.30662383582016584
RM04743,-1000.0,1000.0,1.6521318446075013,0.17759082918136646,-0.2934034642007866,0.2934034642007866
RC07389,-1000.0,1000.0,1.0,0.24089232702185379,-0.24089232702185379,0.24089232702185379
RM04745,-1000.0,1000.0,1.6521318446075013,0.1781920439656256,-0.29439675029131,0.29439675029131
RM04744,-1000.0,1000.0,1.734712463439418,0.1775908291813668,-0.30806902477345766,0.30806902477345766
RM04747,-1000.0,1000.0,1.0,0.17819204396375252,-0.17819204396375252,0.17819204396375252
RM04746,-1000.0,1000.0,1.734712463439418,0.17819204396583255,-0.3091119595532745,0.3091119595532745
RM04749,-1000.0,1000.0,1.734712463439418,0.17819204396553565,-0.30911195955275944,0.30911195955275944
RM04748,-1000.0,1000.0,1.6521318446075013,0.17819204396553562,-0.2943967502911613,0.2943967502911613
RC07380,-1000.0,1000.0,1.0,0.011535191004036239,-0.011535191004036239,0.011535191004036239
TCE0542,-1000.0,1000.0,,0.0026262357994598245,-1000.0,1000.0
TCE5063,-1000.0,1000.0,,0.08375551728876734,-1000.0,1000.0
RC07384,-1000.0,1000.0,1.0,0.006349149176600527,-0.006349149176600527,0.006349149176600527
RC07385,-1000.0,1000.0,1.0,0.006334011644606394,-0.006334011644606394,0.006334011644606394
RM01736,0.0,1000.0,1.0,0.4280837550328698,0.0,0.4280837550328698
RC01184,0.0,1000.0,0.3461362037706792,0.2914135052828326,0.0,0.10086876444610646
EX02763,0.0,1000.0,,0.004682790365505366,0.0,1000.0
RC03601,-1000.0,1000.0,1.0,0.7705567590563143,-0.7705567590563143,0.7705567590563143
RC01185,0.0,1000.0,1.0,1.2842512650517206,0.0,1.2842512650517206
RC08505,0.0,1000.0,1.0,1e-06,0.0,1e-06
RC04144,-1000.0,1000.0,3.638824824336365,0.07576855523532866,-0.27570849969441497,0.27570849969441497
RC00867,0.0,1000.0,1.0,2.5794408031168077,0.0,2.5794408031168077
RC00160,0.0,1000.0,1.0,2.5687799301841188,0.0,2.5687799301841188
EX05422,0.0,1000.0,,1e-06,0.0,1000.0
EX00109,0.0,1000.0,,0.09103836591659163,0.0,1000.0
RC00694,-1000.0,1000.0,1.0,0.08696289829396825,-0.08696289829396825,0.08696289829396825
EX00108,0.0,1000.0,,0.0026262357994598267,0.0,1000.0
RC03269,0.0,1000.0,1.0,2.000000000000001e-05,0.0,2.000000000000001e-05
EX00233,0.0,1000.0,,1e-06,0.0,1000.0
RC04545,0.0,1000.0,1.0,2.5685025302444093,0.0,2.5685025302444093
TCM1289,-1000.0,1000.0,,2.5683669387273627,-1000.0,1000.0
RM00489,0.0,1000.0,1.0,0.5268414307042774,0.0,0.5268414307042774
RC03970,-1000.0,1000.0,1.0,0.04417142204801356,-0.04417142204801356,0.04417142204801356
RC03284,0.0,1000.0,,0.007871337013692246,0.0,1000.0
RC03283,0.0,1000.0,7.076790401962159,0.007871337013692246,0.0,0.055703802229106765
RC00267,0.0,1000.0,1.0,0.7900856743718871,0.0,0.7900856743718871
RC00261,0.0,1000.0,1.0,0.5334433821285594,0.0,0.5334433821285594
EX00106,0.0,1000.0,,0.11298328874065675,0.0,1000.0
TCM5067,-1000.0,1000.0,,0.017266489012167856,-1000.0,1000.0
TCM5064,-1000.0,1000.0,,0.007871337013694383,-1000.0,1000.0
TCM5065,-1000.0,1000.0,,0.007871337013692244,-1000.0,1000.0
TCM5062,-1000.0,1000.0,,0.3257324357132669,-1000.0,1000.0
TCM5060,0.0,1000.0,,0.4280837550259963,0.0,1000.0
TCM5061,-1000.0,1000.0,,1.4348304193281147e-05,-1000.0,1000.0
RM03172,-1000.0,1000.0,1.0,0.008847538202016404,-0.008847538202016404,0.008847538202016404
RC01026,0.0,1000.0,1.0,999.9999999999998,0.0,999.9999999999998
RC01021,0.0,1000.0,1.0,1.286571374697888,0.0,1.286571374697888
RC01023,-1000.0,1000.0,1.0,1000.0,-1000.0,1000.0
RC00009,0.0,1000.0,2.167176111281986,0.3993895569166653,0.0,0.865547506845294
RC00004,0.0,1000.0,1.0,2.568502530168664,0.0,2.568502530168664
RM03777,-1000.0,1000.0,1.0,1.8899529041444538,-1.8899529041444538,1.8899529041444538
RM03776,0.0,1000.0,1.0,1.8829943621905607,0.0,1.8829943621905607
RM03778,-1000.0,1000.0,1.0,0.17759082917953473,-0.17759082917953473,0.17759082917953473
RC10306,-1000.0,1000.0,1.0,1e-06,-1e-06,1e-06
RC01281,0.0,1000.0,1.0,0.5144815954677929,0.0,0.5144815954677929
RC01280,0.0,1000.0,3.4892513399129483,2.5819248127733103,0.0,9.008984612523761
RCC0177,0.0,1000.0,1.0,0.00787133701369225,0.0,0.00787133701369225
RCC0176,0.0,1000.0,,0.0167730564662906,0.0,1000.0
RCC0175,0.0,1000.0,1.0,1.5598942513650248e-05,0.0,1.5598942513650248e-05
RC00137,-1000.0,1000.0,1.0,2.5685025301643587,-2.5685025301643587,2.5685025301643587
RCC0173,0.0,1000.0,,0.01677305626466185,0.0,1000.0
RM00267,0.0,1000.0,1.0,0.8204735849205284,0.0,0.8204735849205284
RCC0171,0.0,1000.0,,0.05031917229077626,0.0,1000.0
RCC0170,0.0,1000.0,,0.05031917229077631,0.0,1000.0
TCE7728,-1000.0,1000.0,,0.002626235799459824,-1000.0,1000.0
RC00138,0.0,1000.0,,0.04856449357285751,0.0,1000.0
RC01737,0.0,1000.0,1.0,1e-06,0.0,1e-06
RCC0178,0.0,1000.0,,0.5334433821252579,0.0,1000.0
RC00485,0.0,1000.0,1.0,1.3002093439612878,0.0,1.3002093439612878
RC09752,-1000.0,1000.0,1.0,1000.0,-1000.0,1000.0
RC00489,0.0,1000.0,1.0,0.5268414307037078,0.0,0.5268414307037078
EX00864,0.0,1000.0,,2.0000000000000005e-05,0.0,1000.0
TCM0213,-1000.0,1000.0,,1e-06,-1000.0,1000.0
RC01357,0.0,1000.0,1.0,503.87479619390575,0.0,503.87479619390575
EX00191,0.0,1000.0,,0.0634529406661379,0.0,1000.0
EX00194,0.0,1000.0,,4.000000000000001e-05,0.0,1000.0
RC01600,0.0,1000.0,1.0,2.579440803148331,0.0,2.579440803148331
RC01351,-1000.0,1000.0,1.0,0.8561675100569566,-0.8561675100569566,0.8561675100569566
RC01602,-1000.0,1000.0,1.0,1000.0,-1000.0,1000.0
RC00955,-1000.0,1000.0,1.0,2.5685025301486224,-2.5685025301486224,2.5685025301486224
TCM0199,0.0,1000.0,,1e-06,0.0,1000.0
TCM0198,0.0,1000.0,,1e-06,0.0,1000.0
RC00736,0.0,1000.0,1.0,0.007573851998319212,0.0,0.007573851998319212
TCM0190,-1000.0,1000.0,,7.705507590628586,-1000.0,1000.0
RC00734,-1000.0,1000.0,1.0,1000.0,-1000.0,1000.0
TCM0192,-1000.0,1000.0,,0.5479209861096922,-1000.0,1000.0
RM06985,0.0,1000.0,1.0,1.8829943621916767,0.0,1.8829943621916767
RC08724,-1000.0,1000.0,1.0,1e-06,-1e-06,1e-06
TCM0197,-1000.0,1000.0,,1e-06,-1000.0,1000.0
RC00731,0.0,1000.0,6.25166517875211,0.0037869259990747878,0.0,0.023674593402926897
DGR0026,0.0,1000.0,1.0,0.00026031049520000007,0.0,0.00026031049520000007
DGR0027,0.0,1000.0,,0.0135796,0.0,1000.0
DGR0024,0.0,1000.0,1.0,0.0006462796604000002,0.0,0.0006462796604000002
TCE5122,0.0,1000.0,,2.5685025301491606,0.0,1000.0
DGR0025,0.0,1000.0,,0.00026031049520000007,0.0,1000.0
TCE0441,-1000.0,1000.0,,0.04850910142545117,-1000.0,1000.0
TCE0440,-1000.0,1000.0,,0.01170607618397468,-1000.0,1000.0
DGR0020,0.0,1000.0,,0.0023231154692000006,0.0,1000.0
TCM0064,-1000.0,1000.0,,998.0132414907695,-1000.0,1000.0
RC01513,-1000.0,1000.0,1.0,2.2451054791812863,-2.2451054791812863,2.2451054791812863
RC01512,-1000.0,1000.0,1.0,0.5171282914483645,-0.5171282914483645,0.5171282914483645
RC01514,0.0,1000.0,1.0,0.645032621507689,0.0,0.645032621507689
TCM0062,-1000.0,1000.0,,1e-06,-1000.0,1000.0
RC01518,-1000.0,1000.0,1.0,2.103646394819495,-2.103646394819495,2.103646394819495
RC04807,0.0,1000.0,1.0,1e-06,0.0,1e-06
TCM0069,-1000.0,1000.0,,1000.0,-1000.0,1000.0
EX00048,0.0,1000.0,,0.30822030361930164,0.0,1000.0
EX00049,0.0,1000.0,,0.11675011500899185,0.0,1000.0
EX00047,0.0,1000.0,,0.007871337013692241,0.0,1000.0
EX00042,0.0,1000.0,,0.10702093875824138,0.0,1000.0
EX00041,0.0,1000.0,,0.11937112847300971,0.0,1000.0
TCE0772,-1000.0,1000.0,,0.05135461301292352,-1000.0,1000.0
EX05270,0.0,1000.0,,1e-06,0.0,1000.0
TCE0713,-1000.0,1000.0,,2.000000000000001e-05,-1000.0,1000.0
TCE0712,-1000.0,1000.0,,0.007573851998319216,-1000.0,1000.0
RC06171,-1000.0,1000.0,1.0,0.09065303047756962,-0.09065303047756962,0.09065303047756962
TCE0716,-1000.0,1000.0,,0.10622994781635085,-1000.0,1000.0
RM04170,-1000.0,1000.0,1.734712463439418,0.17759082918204017,-0.3080690247746258,0.3080690247746258
EX05787,0.0,1000.0,,1e-06,0.0,1000.0
TCE0719,-1000.0,1000.0,,0.08111060621677499,-1000.0,1000.0
TCE0718,-1000.0,1000.0,,0.009357345104309035,-1000.0,1000.0
EX02918,0.0,1000.0,,0.0026262357994597868,0.0,1000.0
RM02161,-1000.0,1000.0,1.0,1.972924732246836,-1.972924732246836,1.972924732246836
TCE1179,-1000.0,1000.0,,0.058717646587200745,-1000.0,1000.0
EX01330,0.0,1000.0,,1e-06,0.0,1000.0
TCE5389,-1000.0,1000.0,,0.011660527442906483,-1000.0,1000.0
TCE5388,0.0,1000.0,,2.568502530197783,0.0,1000.0
EX01801,0.0,1000.0,,1e-06,0.0,1000.0
TCE5383,-1000.0,1000.0,,0.006068199791272377,-1000.0,1000.0
TCE5382,-1000.0,1000.0,,0.0060419085476774775,-1000.0,1000.0
TCE5381,-1000.0,1000.0,,0.0059568915952835,-1000.0,1000.0
RC07172,0.0,1000.0,1.0,0.7705507590593493,0.0,0.7705507590593493
TCE5387,0.0,1000.0,,2.5685025301977364,0.0,1000.0
TCE5386,-1000.0,1000.0,,0.00944464749988274,-1000.0,1000.0
TCE5385,0.0,1000.0,,2.5685025301978106,0.0,1000.0
TCE5384,0.0,1000.0,,2.5685025301978692,0.0,1000.0
RC02099,0.0,1000.0,1.0,2.5685025301978612,0.0,2.5685025301978612
RC02098,-1000.0,1000.0,1.0,2.5685025301978768,-2.5685025301978768,2.5685025301978768
EXC0063,0.0,1000.0,,0.0006462796604000001,0.0,1000.0
TCE0627,-1000.0,1000.0,,0.002626235799459825,-1000.0,1000.0
RC02094,-1000.0,1000.0,1.0,0.035201884391251416,-0.035201884391251416,0.035201884391251416
RC02090,-1000.0,1000.0,1.0,2.568718674307724,-2.568718674307724,2.568718674307724
RC02093,-1000.0,1000.0,1.0,0.03520188439125126,-0.03520188439125126,0.03520188439125126
RC02701,0.0,1000.0,1.0,0.002626235799459825,0.0,0.002626235799459825
RC02251,0.0,1000.0,1.0,2.5685025301979123,0.0,2.5685025301979123
RC02250,0.0,1000.0,1.0,2.568502530197861,0.0,2.568502530197861
RM00927,-1000.0,1000.0,1.0,0.00884753820200364,-0.00884753820200364,0.00884753820200364
RC02078,0.0,1000.0,6.25166517875211,0.007573851998319217,0.0,0.04734918680691433
RC05861,0.0,1000.0,1.0,1e-06,0.0,1e-06
TCE5019,0.0,1000.0,1.0,2.5685025301978976,0.0,2.5685025301978976
TCE0533,-1000.0,1000.0,,1.999999999997037e-05,-1000.0,1000.0
RM04754,-1000.0,1000.0,1.0,1.8893516893795022,-1.8893516893795022,1.8893516893795022
TCE5017,-1000.0,1000.0,,0.00011030000000000002,-1000.0,1000.0
TCE5016,-1000.0,1000.0,,1e-06,-1000.0,1000.0
RM04751,-1000.0,1000.0,1.0,1.8899529041638528,-1.8899529041638528,1.8899529041638528
RC03618,-1000.0,1000.0,1.5909549738920201,1e-06,-1.59095497389202e-06,1.59095497389202e-06
EX18126,0.0,1000.0,,1e-06,0.0,1000.0
RC03617,0.0,1000.0,1.0,2.5685025301977498,0.0,2.5685025301977498
RM03905,-1000.0,1000.0,1.0,0.0035986431942068714,-0.0035986431942068714,0.0035986431942068714
RC04480,-1000.0,1000.0,1.0,2.568502530197848,-2.568502530197848,2.568502530197848
TCE0447,-1000.0,1000.0,,1e-06,-1000.0,1000.0
RC04559,-1000.0,1000.0,1.0,0.07576855523533285,-0.07576855523533285,0.07576855523533285
TCE5123,0.0,1000.0,,2.568502530197974,0.0,1000.0
RC02670,-1000.0,1000.0,2.167176111281986,0.0013131178997299125,-0.00284575774359144,0.00284575774359144
TCE5121,0.0,1000.0,,0.014649253974512432,0.0,1000.0
TCE5120,0.0,1000.0,,0.014375946997376115,0.0,1000.0
RC02678,0.0,1000.0,7.076790401962159,0.0026262357994598245,0.0,0.018585320298906704
RC03104,-1000.0,1000.0,1.0,0.008633244506083937,-0.008633244506083937,0.008633244506083937
RC03105,-1000.0,1000.0,1.0,1000.0,-1000.0,1000.0
RC03106,0.0,1000.0,1.0,1000.0,0.0,1000.0
RM02164,0.0,1000.0,1.0,1.90568264490296,0.0,1.90568264490296
RC04734,0.0,1000.0,2.087732908960216,0.014882878163284404,0.0,0.031071474521534224
EX03793,0.0,1000.0,,0.007871337013692237,0.0,1000.0
RC00251,0.0,1000.0,1.0,2.568502530201549,0.0,2.568502530201549
RC00253,0.0,1000.0,1.0,2.568502530198358,0.0,2.568502530198358
RC00257,0.0,1000.0,1.0,0.8599664386899166,0.0,0.8599664386899166
RC00256,0.0,1000.0,1.0,2.579899316069688,0.0,2.579899316069688
TCM5013,0.0,1000.0,1.0,0.2027765155419777,0.0,0.2027765155419777
TCM5012,0.0,1000.0,1.0,0.0017870188641916725,0.0,0.0017870188641916725
TCM5011,0.0,1000.0,1.0,0.00885565344201279,0.0,0.00885565344201279
TCM5010,0.0,1000.0,1.0,0.008855653442012792,0.0,0.008855653442012792
TCM5015,0.0,1000.0,1.0,0.13759834983205435,0.0,0.13759834983205435
TCM5014,0.0,1000.0,1.0,0.1712335020132245,0.0,0.1712335020132245
TCE0576,-1000.0,1000.0,,0.002570223346866175,-1000.0,1000.0
TCM5018,0.0,1000.0,,0.00011030000000000004,0.0,1000.0
RM02566,0.0,1000.0,1.0,0.04711938123148416,0.0,0.04711938123148416
RM02565,0.0,1000.0,1.0,0.04711938123148444,0.0,0.04711938123148444
RM01859,0.0,1000.0,1.0,1.9518461452755076,0.0,1.9518461452755076
RM00585,-1000.0,1000.0,1.0,0.16053140813739983,-0.16053140813739983,0.16053140813739983
RC00032,0.0,1000.0,1.7991303667408944,1e-06,0.0,1.7991303667408943e-06
RC01030,0.0,1000.0,1.0,0.8576814642872536,0.0,0.8576814642872536
RC01036,-1000.0,1000.0,1.0,1000.0,-1000.0,1000.0
RC04025,0.0,1000.0,1.0,0.42907994651723136,0.0,0.42907994651723136
TCM1039,-1000.0,1000.0,,2.0000000000000005e-05,-1000.0,1000.0
RC03858,0.0,1000.0,0.5344915057218959,0.15596270221948483,0.0,0.08336073954574812
TCM1031,-1000.0,1000.0,,2.6863533464265186,-1000.0,1000.0
TCM1033,-1000.0,1000.0,,0.007573851998319214,-1000.0,1000.0
TCM1035,-1000.0,1000.0,,1e-06,-1000.0,1000.0
TCM1034,-1000.0,1000.0,,0.01420195037113206,-1000.0,1000.0
TCM1037,-1000.0,1000.0,,1000.0,-1000.0,1000.0
RCC0180,0.0,1000.0,1.0,0.5334433821277236,0.0,0.5334433821277236
RCC0181,0.0,1000.0,1.0,2.0000000000000005e-05,0.0,2.0000000000000005e-05
RCC0185,0.0,1000.0,1.0,0.0045766670876789236,0.0,0.0045766670876789236
RC01724,-1000.0,1000.0,1.0,2.568502530163392,-2.568502530163392,2.568502530163392
RCC0165,0.0,1000.0,1.0,0.13285357914817397,0.0,0.13285357914817397
RCC0166,0.0,1000.0,1.0,0.15596270221830208,0.0,0.15596270221830208
RC00102,0.0,1000.0,1.0,1000.0,0.0,1000.0
RCC0162,0.0,1000.0,,0.008633244506083932,0.0,1000.0
RCC0163,-1000.0,1000.0,,999.9999999999999,-1000.0,1000.0
EX00219,0.0,1000.0,,0.011834565165483334,0.0,1000.0
RCC0168,0.0,1000.0,1.0,0.12692993512595105,0.0,0.12692993512595105
TCM1104,-1000.0,1000.0,,1e-06,-1000.0,1000.0
TCM1101,-1000.0,1000.0,,1.9263768976577296,-1000.0,1000.0
TCM1102,-1000.0,1000.0,,1e-06,-1000.0,1000.0
RC01483,-1000.0,1000.0,,0.06901898809086035,-1000.0,1000.0
TCM1109,-1000.0,1000.0,,1000.0,-1000.0,1000.0
RC10065,-1000.0,1000.0,1.0,0.04846231188879265,-0.04846231188879265,0.04846231188879265
TCE5359,-1000.0,1000.0,,1e-06,-1000.0,1000.0
EX00014,0.0,1000.0,,0.30307422094000447,0.0,1000.0
EX00853,0.0,1000.0,,2.0000000000000005e-05,0.0,1000.0
TCM0187,0.0,1000.0,,1e-06,0.0,1000.0
RC08734,-1000.0,1000.0,1.0,1e-06,-1e-06,1e-06
RC08735,0.0,1000.0,1.0,1e-06,0.0,1e-06
RC01616,0.0,1000.0,1.0,0.0075738519982393076,0.0,0.0075738519982393076
RC08733,0.0,1000.0,1.96733557311124,1e-06,0.0,1.96733557311124e-06
TCE5355,-1000.0,1000.0,,0.0024099506500189364,-1000.0,1000.0
EX00011,0.0,1000.0,,0.9754749455984995,0.0,1000.0
TCM0188,0.0,1000.0,,1e-06,0.0,1000.0
TCM0189,-1000.0,1000.0,,1e-06,-1000.0,1000.0
RC00748,0.0,1000.0,1.0,0.5287385049348361,0.0,0.5287385049348361
EX00459,0.0,1000.0,,0.03480047390037769,0.0,1000.0
EX00329,0.0,1000.0,,0.0016662,0.0,1000.0
EX00328,0.0,1000.0,,0.0026262357994585686,0.0,1000.0
EX00455,0.0,1000.0,,1e-06,0.0,1000.0
EX00544,0.0,1000.0,,0.0075738519984559095,0.0,1000.0
EX00322,0.0,1000.0,,0.010497572813152075,0.0,1000.0
TCE5351,-1000.0,1000.0,,0.07020095597280963,-1000.0,1000.0
TCM0094,-1000.0,1000.0,,0.004663324208658412,-1000.0,1000.0
RC01290,-1000.0,1000.0,1.0,0.00935734510430908,-0.00935734510430908,0.00935734510430908
TCM0095,-1000.0,1000.0,,0.39496768053020825,-1000.0,1000.0
TCM0097,0.0,1000.0,,1e-06,0.0,1000.0
EX00019,0.0,1000.0,,0.009357345104309025,0.0,1000.0
TCM0158,-1000.0,1000.0,,0.002626235799459826,-1000.0,1000.0
RC06983,-1000.0,1000.0,1.0,1000.0,-1000.0,1000.0
RC06982,-1000.0,1000.0,,0.36692893288490924,-1000.0,1000.0
TCM0093,-1000.0,1000.0,,1e-06,-1000.0,1000.0
EX00018,0.0,1000.0,,6.000000000000002e-05,0.0,1000.0
TCM0072,-1000.0,1000.0,,503.8712732896152,-1000.0,1000.0
TCM0073,-1000.0,1000.0,,1000.0,-1000.0,1000.0
TCM0070,0.0,1000.0,,1e-06,0.0,1000.0
TCM0076,0.0,1000.0,,1000.0,0.0,1000.0
TCM0077,-1000.0,1000.0,,2.5666497150901635,-1000.0,1000.0
TCM0075,-1000.0,1000.0,,0.017266489012340045,-1000.0,1000.0
RC09511,0.0,1000.0,1.0,0.23364719147958726,0.0,0.23364719147958726
RC09510,0.0,1000.0,1.0,0.23364719147816057,0.0,0.23364719147816057
TCM0078,-1000.0,1000.0,,1e-06,-1000.0,1000.0
TCM0079,0.0,1000.0,,1e-06,0.0,1000.0
RC01500,-1000.0,1000.0,,2.568502530133614,-1000.0,1000.0
EX00506,0.0,1000.0,,0.017266489012165837,0.0,1000.0
EX00033,0.0,1000.0,,0.1865096702699403,0.0,1000.0
EX00032,0.0,1000.0,,7.086526226053221e-06,0.0,1000.0
EX00031,0.0,1000.0,,0.0548679129254306,0.0,1000.0
EX00037,0.0,1000.0,,0.21780070754938563,0.0,1000.0
EX00526,0.0,1000.0,,0.042329526637352094,0.0,1000.0
TCE0706,-1000.0,1000.0,,0.09654618225807822,-1000.0,1000.0
TCE0707,0.0,1000.0,,2.5685025301440603,0.0,1000.0
TCE0709,-1000.0,1000.0,,1e-06,-1000.0,1000.0
RC04903,0.0,1000.0,7.076790401962159,0.002626235799460226,0.0,0.018585320298909545
RM00115,0.0,1000.0,1.0,0.7764725942108607,0.0,0.7764725942108607
RM00112,0.0,0.0,5.904036529810339,1e-06,0.0,0.0
EX00147,0.0,1000.0,,0.08878562049003824,0.0,1000.0
TCE1148,0.0,1000.0,,2.5685025301278164,0.0,1000.0
EX01328,0.0,1000.0,,1e-06,0.0,1000.0
EX00141,0.0,1000.0,,0.01420195037113101,0.0,1000.0
EX00140,0.0,1000.0,,0.042188146843554576,0.0,1000.0
TCE1143,-1000.0,1000.0,,5.137005060338733,-1000.0,1000.0
EX00149,0.0,1000.0,,0.11675011500715261,0.0,1000.0
EX00148,0.0,1000.0,,0.06490284905125117,0.0,1000.0
TCE5398,-1000.0,1000.0,,0.009826634724552018,-1000.0,1000.0
TCE5399,-1000.0,1000.0,,0.009768985141384754,-1000.0,1000.0
EX05512,0.0,1000.0,,0.04850910142555468,0.0,1000.0
TCE5390,0.0,1000.0,,0.011609309899233535,0.0,1000.0
TCE5391,-1000.0,1000.0,,0.015804534700869403,-1000.0,1000.0
TCE5392,-1000.0,1000.0,,0.011834565165934893,-1000.0,1000.0
TCE5393,-1000.0,1000.0,,0.011834565165935113,-1000.0,1000.0
TCE5394,-1000.0,1000.0,,0.01183456516593508,-1000.0,1000.0
TCE5395,-1000.0,1000.0,,0.013853886620784782,-1000.0,1000.0
TCE5396,-1000.0,1000.0,,0.013863861770524344,-1000.0,1000.0
TCE5397,0.0,1000.0,,0.017266489012167867,0.0,1000.0
RC05985,0.0,1000.0,1.0,0.004649011083658479,0.0,0.004649011083658479
RC05982,0.0,1000.0,1.0,0.005290595478628411,0.0,0.005290595478628411
RC05983,0.0,1000.0,1.0,0.005165793681003145,0.0,0.005165793681003145
RC05980,0.0,1000.0,1.9060014761481783,0.005290595478628412,0.0,0.01008388279196863
RC05981,0.0,1000.0,1.9060014761481783,0.005290595478628411,0.0,0.010083882791968628
RC05988,0.0,1000.0,1.0,0.004649011083658361,0.0,0.004649011083658361
RC05989,0.0,1000.0,0.6480750401407399,0.00459645782322485,0.0,0.0029788495882916628
RC02088,0.0,1000.0,1.0,0.7177859527708799,0.0,0.7177859527708799
RC02082,-1000.0,1000.0,1.0,0.05198011336091259,-0.05198011336091259,0.05198011336091259
RC02080,0.0,1000.0,1.0,0.007573851998319217,0.0,0.007573851998319217
RM01220,-1000.0,1000.0,1.0,1000.0,-1000.0,1000.0
RC02719,0.0,1000.0,1.0,2.5893033761993403,0.0,2.5893033761993403
EX01921,0.0,1000.0,,1e-06,0.0,1000.0
RC02245,0.0,1000.0,1.0,0.0519801133606244,0.0,0.0519801133606244
RC02240,0.0,1000.0,1.0,2.573044392860009,0.0,2.573044392860009
RC02241,0.0,1000.0,1.0,2.575780641711352,0.0,2.575780641711352
RC07760,-1000.0,1000.0,1.0,0.605275184019689,-0.605275184019689,0.605275184019689
RC07761,0.0,1000.0,1.0,0.6052751840201527,0.0,0.6052751840201527
RC03599,-1000.0,1000.0,1.0,0.7705367590595251,-0.7705367590595251,0.7705367590595251
RC02061,0.0,1000.0,1.0,2.1522456289898357e-05,0.0,2.1522456289898357e-05
RM00935,0.0,1000.0,1.0,0.3353890849328202,0.0,0.3353890849328202
RC03596,-1000.0,1000.0,1.0,2e-05,-2e-05,2e-05
RC03595,0.0,1000.0,1.0,2.0000000000000005e-05,0.0,2.0000000000000005e-05
TCE5380,-1000.0,1000.0,,1e-06,-1000.0,1000.0
RMC0184,0.0,1000.0,1.0,3.765988724408337,0.0,3.765988724408337
RMC0187,0.0,1000.0,1.0,7.705507590525891,0.0,7.705507590525891
RMC0182,0.0,1000.0,,0.004576667087702254,0.0,1000.0
RMC0183,0.0,1000.0,1.0,3.7659887244239556,0.0,3.7659887244239556
RC03445,0.0,1000.0,,0.0026262357994598262,0.0,1000.0
RM01082,-1000.0,1000.0,1.0,1000.0,-1000.0,1000.0
RM00842,-1000.0,1000.0,1.0,1000.0,-1000.0,1000.0
TCE0521,-1000.0,1000.0,,0.007573851998298795,-1000.0,1000.0
TCE5004,0.0,1000.0,,1.2842612650928051,0.0,1000.0
TCE5005,0.0,1000.0,,1.28426126509143,0.0,1000.0
TCE5006,0.0,1000.0,1.0,2.5685154436463207,0.0,2.5685154436463207
TCE5007,-1000.0,1000.0,,0.0965227370671217,-1000.0,1000.0
RC00801,0.0,1000.0,1.0,1e-06,0.0,1e-06
RM02199,-1000.0,1000.0,1.0,0.008847538202003636,-0.008847538202003636,0.008847538202003636
TCE0457,0.0,1000.0,,800.3141836405033,0.0,1000.0
RM04433,0.0,1000.0,1.0,1.9729247322444696,0.0,1.9729247322444696
RM04432,-1000.0,1000.0,1.0,0.5268414307045322,-0.5268414307045322,0.5268414307045322
RC07296,0.0,1000.0,1.0,1e-06,0.0,1e-06
RC02665,0.0,1000.0,0.3035663658381856,0.002626235799459826,0.0,0.0007972368574761613
RC07299,0.0,1000.0,1.0,1.2842512651083602,0.0,1.2842512651083602
RC02668,0.0,1000.0,0.5280435733411128,0.002626235799459825,0.0,0.0013867669359831202
RC01687,-1000.0,1000.0,1.0,0.017266489012167867,-0.017266489012167867,0.017266489012167867
RM00667,-1000.0,1000.0,1.0,0.42019976138331727,-0.42019976138331727,0.42019976138331727
TCE1122,-1000.0,1000.0,,0.07817876715331892,-1000.0,1000.0
EX04230,0.0,1000.0,,0.009444647499901475,0.0,1000.0
TCE0559,-1000.0,1000.0,,1e-06,-1000.0,1000.0
TCE0558,0.0,1000.0,,1e-06,0.0,1000.0
TCE1127,0.0,1000.0,,1000.0,0.0,1000.0
RC04231,0.0,1000.0,1.0,2.000000000000001e-05,0.0,2.000000000000001e-05
RC04230,0.0,1000.0,1.0,2.0000000000000005e-05,0.0,2.0000000000000005e-05
RC00100,-1000.0,1000.0,1.0,1000.0,-1000.0,1000.0
RC08223,-1000.0,1000.0,1.0,2e-05,-2e-05,2e-05
RC08224,-1000.0,1000.0,1.0,2.0000000000000005e-05,-2.0000000000000005e-05,2.0000000000000005e-05
RC00103,0.0,1000.0,1.0,2.5685025301824767,0.0,2.5685025301824767
TCM5001,0.0,1000.0,1.0,0.14818283828069403,0.0,0.14818283828069403
TCM5002,0.0,1000.0,1.0,0.17675772918174876,0.0,0.17675772918174876
TCM5003,0.0,1000.0,1.0,0.1567958022199382,0.0,0.1567958022199382
TCM5004,-1000.0,1000.0,,0.2044937391499169,-1000.0,1000.0
TCM5005,-1000.0,1000.0,,2.000000000000001e-05,-1000.0,1000.0
TCM5006,-1000.0,1000.0,,2.0000000000000012e-05,-1000.0,1000.0
TCM5007,-1000.0,1000.0,,0.09652273706698687,-1000.0,1000.0
TCM5008,-1000.0,1000.0,,0.7705767590515399,-1000.0,1000.0
TCM5009,0.0,1000.0,1.0,0.11391750288156803,0.0,0.11391750288156803
RC00936,-1000.0,1000.0,1.0,1000.0,-1000.0,1000.0
DMN0082,0.0,1000.0,,0.0045766670876474635,0.0,1000.0
DMN0083,0.0,1000.0,,0.004596457822974849,0.0,1000.0
DMN0080,0.0,1000.0,,0.008855653442012792,0.0,1000.0
DMN0086,0.0,1000.0,,2.000000000000001e-05,0.0,1000.0
DMN0084,0.0,1000.0,,0.02588476538829977,0.0,1000.0
DMN0085,0.0,1000.0,,0.02432073122555011,0.0,1000.0
RC00028,0.0,1000.0,1.0,1e-06,0.0,1e-06
EX00214,0.0,1000.0,,0.035716275846243165,0.0,1000.0
TCM1027,-1000.0,1000.0,,1e-06,-1000.0,1000.0
EX00350,0.0,1000.0,,0.006151861789268919,0.0,1000.0
RC01998,-1000.0,1000.0,1.0,0.2676200355812405,-0.2676200355812405,0.2676200355812405
RC01993,-1000.0,1000.0,1.89458094600281,0.42808375503329793,-0.8110393255794208,0.8110393255794208
RCC0005,1.0,1000.0,,3.5685025302298654,1.0,1000.0
RC00200,0.0,1000.0,1.0,2.568502530189868,0.0,2.568502530189868
RC01752,-1000.0,1000.0,7.076790401962159,0.6450326215160671,-4.564760664897394,4.564760664897394
RC01975,-1000.0,1000.0,1.6521318446075013,1.100786798661096,-1.8186449241915426,1.8186449241915426
RM03026,-1000.0,1000.0,1.734712463439418,0.18338917886389194,-0.31812749423511405,0.31812749423511405
RC01759,-1000.0,1000.0,1.0,1000.0,-1000.0,1000.0
RC01758,-1000.0,1000.0,1.0,1000.0000000000002,-1000.0000000000002,1000.0000000000002
RC01978,0.0,1000.0,1.0,2.568502530162982,0.0,2.568502530162982
RCC0151,0.0,1000.0,3.4892513399129483,0.8561675100679418,0.0,2.9873836316944984
RCC0150,0.0,1000.0,3.4892513399129483,2.568502530216712,0.0,8.96215089512846
RCC0153,0.0,1000.0,1.0,1.9263768976330267,0.0,1.9263768976330267
RCC0152,0.0,1000.0,3.4892513399129483,2.568502530200949,0.0,8.96215089507346
RCC0157,0.0,1000.0,,0.04856449357216823,0.0,1000.0
RCC0156,0.0,1000.0,0.6051080035797819,0.007573851998319217,0.0,0.004582998462111683
RCC0159,0.0,1000.0,,0.007871337013692246,0.0,1000.0
RC00115,0.0,1000.0,1.0,0.39938955691841593,0.0,0.39938955691841593
RCC0083,0.0,1000.0,0.5801457496825271,0.13285357914783494,0.0,0.07707443927272764
RCC0082,0.0,1000.0,1.0,2.5685025301970423,0.0,2.5685025301970423
RCC0081,0.0,1000.0,1.0,2.568502530193345,0.0,2.568502530193345
RCC0080,0.0,1000.0,1.0,1.2842512650966695,0.0,1.2842512650966695
RCC0087,0.0,1000.0,1.0,0.12735937426148747,0.0,0.12735937426148747
RCC0086,0.0,1000.0,0.5801457496825271,0.12692993512994502,0.0,0.07363786237311648
RCC0085,0.0,1000.0,0.5801457496825271,0.12692993513035972,0.0,0.07363786237335707
RCC0084,0.0,1000.0,0.5801457496825271,0.15596270221988437,0.0,0.09048109880186755
RCC0089,0.0,1000.0,0.5344915057218959,0.09512972333991822,0.0,0.05084602906686027
RCC0088,0.0,1000.0,0.5344915057218959,0.09007430460461106,0.0,0.048143950694971266
RM03158,0.0,1000.0,1.0,0.5268414307053327,0.0,0.5268414307053327
RC01372,0.0,1000.0,1.0,0.004682790365505364,0.0,0.004682790365505364
RC01375,-1000.0,1000.0,1.0,0.08696289829481582,-0.08696289829481582,0.08696289829481582
RC01378,-1000.0,1000.0,1.0,0.004682790365505361,-0.004682790365505361,0.004682790365505361
EX00334,0.0,1000.0,,0.08111060621608208,0.0,1000.0
RC00751,-1000.0,1000.0,1.0,1000.0,-1000.0,1000.0
EX00440,0.0,1000.0,,1.999999999998003e-05,0.0,1000.0
EXC0060,0.0,1000.0,,0.00026031049520000007,0.0,1000.0
RC00754,-1000.0,1000.0,1.0,0.127889655829833,-0.127889655829833,0.127889655829833
EXC0065,0.0,1000.0,,0.0135796,0.0,1000.0
RC04826,0.0,1000.0,,1e-06,0.0,1000.0
RC04824,-1000.0,1000.0,1.0,1e-06,-1e-06,1e-06
EXC0001,0.0,1000.0,,0.01385388662099148,0.0,1000.0
RC04823,0.0,1000.0,1.0,1e-06,0.0,1e-06
RC02294,-1000.0,1000.0,1.0,0.8599664386907868,-0.8599664386907868,0.8599664386907868
EX00534,0.0,1000.0,,2.000000000000001e-05,0.0,1000.0
EX00535,0.0,1000.0,,1e-06,0.0,1000.0
EX00532,0.0,1000.0,,0.05871764658729118,0.0,1000.0
TCM0089,-1000.0,1000.0,,0.013173780104270815,-1000.0,1000.0
TCM0088,0.0,1000.0,,1e-06,0.0,1000.0
TCM0087,0.0,1000.0,,1e-06,0.0,1000.0
RC01570,-1000.0,1000.0,1.0,0.3257324357208649,-0.3257324357208649,0.3257324357208649
TCM0083,0.0,1000.0,,1000.0,0.0,1000.0
TCM0082,0.0,1000.0,,1e-06,0.0,1000.0
TCM0081,0.0,1000.0,,1000.0,0.0,1000.0
TCM0080,0.0,1000.0,,1e-06,0.0,1000.0
EX00020,0.0,1000.0,,0.048073985682728325,0.0,1000.0
EX00021,0.0,1000.0,,0.009357345104309033,0.0,1000.0
EX00022,0.0,1000.0,,0.14107497001402106,0.0,1000.0
EX00025,0.0,1000.0,,0.0802657040682998,0.0,1000.0
EX00026,0.0,1000.0,,0.08959892547209296,0.0,1000.0
EX00027,0.0,1000.0,,0.7987791138369973,0.0,1000.0
TCE0739,0.0,1000.0,,1e-06,0.0,1000.0
RC12124,0.0,1000.0,1.0,2.5685025301901856,0.0,2.5685025301901856
TCE0597,-1000.0,1000.0,,1e-06,-1000.0,1000.0
TCE0732,-1000.0,1000.0,,0.04804277393938333,-1000.0,1000.0
TCE1156,0.0,1000.0,,1e-06,0.0,1000.0
TCE1157,-1000.0,1000.0,,0.034800473901464485,-1000.0,1000.0
TCE1154,-1000.0,1000.0,,0.07943822258354502,-1000.0,1000.0
RC01402,-1000.0,1000.0,1.0,0.04234678775714721,-0.04234678775714721,0.04234678775714721
TCE1150,0.0,1000.0,,1e-06,0.0,1000.0
RM00127,-1000.0,1000.0,1.0,2.0269335525107564,-2.0269335525107564,2.0269335525107564
TCE1159,-1000.0,1000.0,,0.10702093875837072,-1000.0,1000.0
RC08969,0.0,1000.0,1.0,2.5692836197514386,0.0,2.5692836197514386
EX00157,0.0,1000.0,,0.005622392079947661,0.0,1000.0
EX00152,0.0,1000.0,,0.10791235519191178,0.0,1000.0
EX00153,0.0,1000.0,,1e-06,0.0,1000.0
EX00158,0.0,1000.0,,0.07943822258365227,0.0,1000.0
EX00159,0.0,1000.0,,0.020968158500945046,0.0,1000.0
TCE0785,-1000.0,1000.0,,1000.0,-1000.0,1000.0
EX05852,0.0,1000.0,,0.004682790365505365,0.0,1000.0
TCE0536,-1000.0,1000.0,,1e-06,-1000.0,1000.0
EX01161,0.0,1000.0,,0.007573851998319218,0.0,1000.0
TCE0600,0.0,1000.0,,0.0008754119331532751,0.0,1000.0
TCE0603,0.0,1000.0,,0.04978712722420044,0.0,1000.0
TCE0602,-1000.0,1000.0,,1000.0,-1000.0,1000.0
TCE0605,-1000.0,1000.0,,0.049469677691407796,-1000.0,1000.0
TCM0184,0.0,1000.0,,1e-06,0.0,1000.0
TCE0757,-1000.0,1000.0,,0.0431708297316307,-1000.0,1000.0
TCM0185,-1000.0,1000.0,,1e-06,-1000.0,1000.0
TCM0183,-1000.0,1000.0,,1000.0,-1000.0,1000.0
RC02051,-1000.0,1000.0,1.0,2.579860224568588,-2.579860224568588,2.579860224568588
RC02053,0.0,1000.0,1.0,2.5685025301920166,0.0,2.5685025301920166
RC07759,-1000.0,1000.0,1.0,0.6052751840176825,-0.6052751840176825,0.6052751840176825
RC07758,0.0,1000.0,1.0,0.6052751840160844,0.0,0.6052751840160844
RC02057,-1000.0,1000.0,1.0,1.2786958741565027,-1.2786958741565027,1.2786958741565027
RM00943,-1000.0,1000.0,1.0,998.013241490796,-998.013241490796,998.013241490796
RC02058,0.0,1000.0,1.0,1000.0,0.0,1000.0
TCM0181,-1000.0,1000.0,,1000.0,-1000.0,1000.0
RM00945,-1000.0,1000.0,1.0,1000.0,-1000.0,1000.0
TCE0752,-1000.0,1000.0,,0.04711938123148511,-1000.0,1000.0
RM01090,-1000.0,1000.0,1.0,0.014392449617784409,-0.014392449617784409,0.014392449617784409
TCE5035,-1000.0,1000.0,,0.10409846108031584,-1000.0,1000.0
TCE0514,-1000.0,1000.0,,0.11298328874077995,-1000.0,1000.0
TCE5036,-1000.0,1000.0,,666.9284863671177,-1000.0,1000.0
TCE5031,-1000.0,1000.0,,0.04817328828505266,-1000.0,1000.0
RC02186,-1000.0,1000.0,,0.005290595478573083,-1000.0,1000.0
TCE0513,0.0,1000.0,,0.009691494375200001,0.0,1000.0
EX00268,0.0,1000.0,,0.04486531683396375,0.0,1000.0
TCE5038,-1000.0,1000.0,,1e-06,-1000.0,1000.0
RC03454,0.0,1000.0,,0.26570715829295327,0.0,1000.0
RC03455,0.0,1000.0,,0.26570715829188246,0.0,1000.0
RM04738,-1000.0,1000.0,1.734712463439418,0.1481828382763318,-0.2570546164257804,0.2570546164257804
RM04739,-1000.0,1000.0,1.6521318446075013,0.1767577291822944,-0.2920270731625772,0.2920270731625772
RC02478,0.0,1000.0,2.444472028748057,1e-06,0.0,2.444472028748057e-06
RM04737,-1000.0,1000.0,1.0,0.14818283828097809,-0.14818283828097809,0.14818283828097809
RM07273,0.0,1000.0,1.0,0.004576667087651066,0.0,0.004576667087651066
RC05623,-1000.0,1000.0,1.8583984717837727,2.0000000000000012e-05,-3.716796943567548e-05,3.716796943567548e-05
TCE5101,-1000.0,1000.0,,0.00879977332584453,-1000.0,1000.0
RC03057,0.0,1000.0,1.0,0.011834565165723697,0.0,0.011834565165723697
TCE5103,-1000.0,1000.0,,0.00975182193689852,-1000.0,1000.0
RC03055,-1000.0,1000.0,1.0,0.3257324357171508,-0.3257324357171508,0.3257324357171508
TCE5105,0.0,1000.0,1.0,1.284251265095241,0.0,1.284251265095241
TCE5104,-1000.0,1000.0,,0.04779658568261989,-1000.0,1000.0
TCE5107,0.0,1000.0,,3.8527537952623185,0.0,1000.0
TCE5106,0.0,1000.0,1.0,1.2842512650915063,0.0,1.2842512650915063
RC02697,-1000.0,1000.0,1.0,1000.0,-1000.0,1000.0
TCE5108,-1000.0,1000.0,,0.007573851998214834,-1000.0,1000.0
RC02695,-1000.0,1000.0,1.0,1000.0,-1000.0,1000.0
RM02765,-1000.0,1000.0,1.0,1.0512724341166975,-1.0512724341166975,1.0512724341166975
RC03058,0.0,1000.0,,0.011834565165639438,0.0,1000.0
RC00233,0.0,1000.0,1.0,2.568502530145772,0.0,2.568502530145772
RC00235,0.0,1000.0,1.0,2.5685025301602726,0.0,2.5685025301602726
RC00238,-1000.0,1000.0,1.0,501.3062936637495,-501.3062936637495,501.3062936637495
EXC0013,0.0,1000.0,,2.000000000000001e-05,0.0,1000.0
RC07933,0.0,1000.0,0.48093173116564614,0.06152608206973777,0.0,0.029589845161638605
EX00320,0.0,1000.0,,0.008633244506083932,0.0,1000.0
RC08218,0.0,1000.0,1.0,2.0000000000000005e-05,0.0,2.0000000000000005e-05
RC04591,-1000.0,1000.0,2.0367769248567353,0.07576855523596067,-0.15432364493433767,0.15432364493433767
EX00288,0.0,1000.0,,0.9754749455997399,0.0,1000.0
RM03815,-1000.0,1000.0,1.0,2.2339488771538076,-2.2339488771538076,2.2339488771538076
RM05066,-1000.0,1000.0,1.6521318446075013,0.01420195037113206,-0.023463494463682597,0.023463494463682597
RM05064,0.0,1000.0,1.0,0.014201950371132064,0.0,0.014201950371132064
RC03634,-1000.0,1000.0,1.5909549738920201,1e-06,-1.59095497389202e-06,1.59095497389202e-06
TCM5034,-1000.0,1000.0,,1.9263768976266913,-1000.0,1000.0
TCM5037,-1000.0,1000.0,,1.9999999999975848e-05,-1000.0,1000.0
RC00905,0.0,1000.0,1.0,0.4491633104351417,0.0,0.4491633104351417
TCM5030,0.0,1000.0,,1000.0,0.0,1000.0
TCM5032,-1000.0,1000.0,,0.004576667087603159,-1000.0,1000.0
EX04317,0.0,1000.0,,0.009206097868636251,0.0,1000.0
DMN0078,0.0,1000.0,,1e-06,0.0,1000.0
DMN0077,0.0,1000.0,,0.052669539852313485,0.0,1000.0
DMN0075,0.0,1000.0,,0.002356569176622547,0.0,1000.0
DMN0073,0.0,1000.0,1.0,2e-05,0.0,2e-05
DMN0072,0.0,1000.0,,0.5334433821246466,0.0,1000.0
RC00582,0.0,1000.0,1.0,2.245365789658021,0.0,2.245365789658021
TCM1053,-1000.0,1000.0,,1e-06,-1000.0,1000.0
TCM1051,-1000.0,1000.0,,0.0008538830553625852,-1000.0,1000.0
TCM1055,-1000.0,1000.0,,0.29705534758657737,-1000.0,1000.0
TCM1054,-1000.0,1000.0,,0.0017012741554742023,-1000.0,1000.0
TCM1059,-1000.0,1000.0,,1e-06,-1000.0,1000.0
TCM1058,-1000.0,1000.0,,0.0019531238312396873,-1000.0,1000.0
RC00342,-1000.0,1000.0,1.0,1000.0,-1000.0,1000.0
RC01987,0.0,1000.0,,0.42907994650615616,0.0,1000.0
EX04227,0.0,1000.0,,0.007573851998323068,0.0,1000.0
RC01960,0.0,1000.0,1.0,0.002626235799459825,0.0,0.002626235799459825
RC01961,0.0,1000.0,1.0,0.0016662,0.0,0.0016662
RM03038,0.0,1000.0,1.0,0.010679934677353122,0.0,0.010679934677353122
RM03035,-1000.0,1000.0,1.0,2.0000000000000005e-05,-2.0000000000000005e-05,2.0000000000000005e-05
RC01968,0.0,1000.0,1.0,0.7176000165954508,0.0,0.7176000165954508
RC01969,-1000.0,1000.0,1.0,0.7176000165946081,-0.7176000165946081,0.7176000165946081
EX11061,0.0,1000.0,,1e-06,0.0,1000.0
RC00699,0.0,1000.0,1.0,0.004682790365505361,0.0,0.004682790365505361
RC00698,-1000.0,1000.0,1.0,0.004682790365505366,-0.004682790365505366,0.004682790365505366
RC01186,0.0,1000.0,1.0,0.6421256325458766,0.0,0.6421256325458766
RC01187,0.0,1000.0,1.0,0.2915675789173716,0.0,0.2915675789173716
RCC0148,0.0,1000.0,3.4892513399129483,0.008439677857711143,0.0,0.029448157273452246
RCC0149,0.0,1000.0,3.4892513399129483,0.001787189825745851,0.0,0.006235954494162499
RCC0147,0.0,1000.0,3.4892513399129483,0.001141893358137906,0.0,0.003984352929920385
RCC0144,-1000.0,1000.0,,1e-06,-1000.0,1000.0
RCC0145,0.0,1000.0,0.553075362894832,0.17123350201063373,0.0,0.09470503126428419
RCC0142,0.0,1000.0,1.0,0.0006250000000000002,0.0,0.0006250000000000002
RCC0143,0.0,1000.0,1.0,0.0006250000000000002,0.0,0.0006250000000000002
RCC0140,0.0,1000.0,1.0,0.2657071582882343,0.0,0.2657071582882343
RCC0141,0.0,1000.0,,0.26570715829031405,0.0,1000.0
RM00432,-1000.0,1000.0,1.0,2.100681804392378,-2.100681804392378,2.100681804392378
RCC0090,0.0,1000.0,0.5344915057218959,0.07824636561437813,0.0,0.04182201777449494
RCC0091,0.0,1000.0,0.5344915057218959,0.06475216462556184,0.0,0.03460948196946863
RCC0092,0.0,1000.0,0.5344915057218959,0.06475216462542678,0.0,0.03460948196939644
RCC0093,0.0,1000.0,0.5344915057218959,0.050694128884380164,0.0,0.027095581278672207
RCC0094,0.0,1000.0,0.5344915057218959,0.05069412888415939,0.0,0.027095581278554205
RCC0095,0.0,1000.0,0.5344915057218959,0.04756486166908783,0.0,0.02542301453296444
RCC0096,0.0,1000.0,0.5344915057218959,0.04586611661053259,0.0,0.02451504972877962
RCC0097,0.0,1000.0,0.5344915057218959,0.04586611661024094,0.0,0.02451504972862374
RCC0098,0.0,1000.0,0.5344915057218959,0.043289368486070116,0.0,0.023137799743869605
RCC0099,0.0,1000.0,1.0,0.04586611660999861,0.0,0.04586611660999861
RC00765,0.0,1000.0,1.0,2.5816771440162998,0.0,2.5816771440162998
RC08759,-1000.0,1000.0,1.0,1e-06,-1e-06,1e-06
RC01364,0.0,1000.0,1.0,0.007573851998315149,0.0,0.007573851998315149
RC00768,0.0,1000.0,1.0,2.579899316061641,0.0,2.579899316061641
TCE0504,0.0,1000.0,,8.93e-05,0.0,1000.0
EX00301,0.0,1000.0,,1e-06,0.0,1000.0
EXC0072,0.0,1000.0,,0.03543263113026611,0.0,1000.0
RM00549,0.0,1000.0,1.0,0.0004389,0.0,0.0004389
TCM1279,-1000.0,1000.0,,0.10349224781386836,-1000.0,1000.0
TCM1278,0.0,1000.0,,1000.0000000000011,0.0,1000.0
TCM1277,-1000.0,1000.0,1.0,1.939780837641985,-1.939780837641985,1.939780837641985
TCM1276,-1000.0,1000.0,,1000.0,-1000.0,1000.0
TCM1275,-1000.0,1000.0,,1.194168637018592,-1000.0,1000.0
TCM1274,-1000.0,1000.0,,0.4201997613796619,-1000.0,1000.0
EX00942,0.0,1000.0,,0.04978712722333975,0.0,1000.0
EX00940,0.0,1000.0,,0.08696289829138788,0.0,1000.0
RCC0116,0.0,1000.0,1.0,0.13060182356806987,0.0,0.13060182356806987
RCC0111,0.0,1000.0,1.0,0.0631598982821812,0.0,0.0631598982821812
RM01875,-1000.0,1000.0,,0.7764725942260243,-1000.0,1000.0
RC01569,0.0,1000.0,1.0,2.5705599037222933,0.0,2.5705599037222933
EX00016,0.0,1000.0,,0.0004389000000000002,0.0,1000.0
TCM0098,0.0,1000.0,,1e-06,0.0,1000.0
TCM0099,0.0,1000.0,,1000.0,0.0,1000.0
EX00012,0.0,1000.0,,1e-06,0.0,1000.0
RC01560,0.0,1000.0,1.0,1.3098650199070971,0.0,1.3098650199070971
RC01561,-1000.0,1000.0,1.0,2.582466776448022,-2.582466776448022,2.582466776448022
TCM0096,0.0,1000.0,,1e-06,0.0,1000.0
RCC0112,0.0,1000.0,1.0,0.05003576357456747,0.0,0.05003576357456747
TCM0090,-1000.0,1000.0,,1e-06,-1000.0,1000.0
TCM0091,0.0,1000.0,,1e-06,0.0,1000.0
TCM0092,0.0,1000.0,,1e-06,0.0,1000.0
RC01567,0.0,1000.0,1.0,2.5685025301130726,0.0,2.5685025301130726
EX00785,0.0,1000.0,,0.002409950650018936,0.0,1000.0
EX00780,0.0,1000.0,,0.0026262357994598254,0.0,1000.0
RC01931,-1000.0,1000.0,1.0,1000.0,-1000.0,1000.0
RC02466,0.0,1000.0,1.0,0.01726648901216787,0.0,0.01726648901216787
EX00130,0.0,1000.0,,0.04925574139785165,0.0,1000.0
TCE0729,-1000.0,1000.0,,0.011660527442638416,-1000.0,1000.0
RM00130,0.0,1000.0,1.0,2.000000000000001e-05,0.0,2.000000000000001e-05
RM04125,-1000.0,1000.0,1.0,2.233948877175826,-2.233948877175826,2.233948877175826
TCE0723,-1000.0,1000.0,,1e-06,-1000.0,1000.0
EX02946,0.0,1000.0,,0.051835161324133884,0.0,1000.0
TCE0726,0.0,1000.0,,1000.0,0.0,1000.0
RM00138,0.0,1000.0,,2.0000000000000005e-05,0.0,1000.0
RC01415,-1000.0,1000.0,1.0,0.32573243571512955,-0.32573243571512955,0.32573243571512955
TCE1121,-1000.0,1000.0,,0.0895989254705615,-1000.0,1000.0
RC01410,-1000.0,1000.0,,0.30307422094005165,-1000.0,1000.0
TCE1124,-1000.0,1000.0,,0.05124716827437426,-1000.0,1000.0
EX00160,0.0,1000.0,,1e-06,0.0,1000.0
EX00163,0.0,1000.0,,0.10409846107820886,0.0,1000.0
EX00162,0.0,1000.0,,0.013863861769948834,0.0,1000.0
EX00164,0.0,1000.0,,0.09654618225636229,0.0,1000.0
EX00167,0.0,1000.0,,0.025884765387440663,0.0,1000.0
RM02619,-1000.0,1000.0,1.0,0.017266489012167867,-0.017266489012167867,0.017266489012167867
TCM1072,-1000.0,1000.0,,1e-06,-1000.0,1000.0
TCE0797,-1000.0,1000.0,,1e-06,-1000.0,1000.0
TCE0615,-1000.0,1000.0,,1e-06,-1000.0,1000.0
TCE0612,-1000.0,1000.0,,1e-06,-1000.0,1000.0
TCE0611,0.0,1000.0,,666.6666666666666,0.0,1000.0
TCE0618,0.0,1000.0,,0.0722821303796811,0.0,1000.0
TCE0619,-1000.0,1000.0,,0.08989247735260747,-1000.0,1000.0
RC02266,-1000.0,1000.0,1.0,0.011660527442906568,-0.011660527442906568,0.011660527442906568
RC02265,-1000.0,1000.0,1.0,0.011660527442906708,-0.011660527442906708,0.011660527442906708
RC02269,-1000.0,1000.0,1.0,0.44916331044221214,-0.44916331044221214,0.44916331044221214
EX01762,0.0,1000.0,,0.05204622340449942,0.0,1000.0
RM10092,-1000.0,1000.0,1.0,1.9729570344369922,-1.9729570344369922,1.9729570344369922
RC02519,0.0,1000.0,1.0,0.007573851998319213,0.0,0.007573851998319213
RC07034,0.0,1000.0,1.0,0.011834565165935214,0.0,0.011834565165935214
EX02415,0.0,1000.0,,1e-06,0.0,1000.0
RC04452,0.0,1000.0,1.0,0.2657071582963297,0.0,0.2657071582963297
RC02869,0.0,1000.0,1.0,0.021173393878630133,0.0,0.021173393878630133
EX00523,0.0,1000.0,,1e-06,0.0,1000.0
EX11499,0.0,1000.0,,0.017266489012167912,0.0,1000.0
TCE5022,-1000.0,1000.0,,0.04768584631930252,-1000.0,1000.0
TCE5023,0.0,1000.0,,2.5685025301978754,0.0,1000.0
TCE5020,0.0,1000.0,1.0,2.568502530197865,0.0,2.568502530197865
TCE5021,-1000.0,1000.0,,0.08026570406868287,-1000.0,1000.0
TCE0507,-1000.0,1000.0,,0.3030742209413315,-1000.0,1000.0
TCE5024,-1000.0,1000.0,,1e-06,-1000.0,1000.0
EX02094,0.0,1000.0,,1e-06,0.0,1000.0
TCE0508,-1000.0,1000.0,,0.014201950371132074,-1000.0,1000.0
RC02464,0.0,1000.0,1.0,0.513700506039569,0.0,0.513700506039569
RM01393,0.0,1000.0,,0.16053140813736436,0.0,1000.0
TCE0464,-1000.0,1000.0,,0.002409950650018937,-1000.0,1000.0
RC07109,-1000.0,1000.0,1.0,0.011660527442906736,-0.011660527442906736,0.011660527442906736
RC03482,-1000.0,1000.0,1.0,0.00522659668303452,-0.00522659668303452,0.00522659668303452
RC03336,-1000.0,1000.0,,0.00757385199831921,-1000.0,1000.0
RC03332,0.0,1000.0,1.0,1.2842512650989486,0.0,1.2842512650989486
RC07324,0.0,1000.0,1.0,0.2915675789228419,0.0,0.2915675789228419
RC03020,0.0,1000.0,1.0,2.5685025301978768,0.0,2.5685025301978768
RM01175,-1000.0,1000.0,1.0,0.17819204396643373,-0.17819204396643373,0.17819204396643373
RM01177,-1000.0,1000.0,1.0,0.17819204396643804,-0.17819204396643804,0.17819204396643804
TCE5119,0.0,1000.0,,0.014375946997376262,0.0,1000.0
TCE5116,0.0,1000.0,,0.012115577972631386,0.0,1000.0
TCE5117,0.0,1000.0,,0.013149330359374845,0.0,1000.0
TCE5114,0.0,1000.0,,2.5685025301979647,0.0,1000.0
RC02687,0.0,1000.0,1.0,2.56850253019768,0.0,2.56850253019768
TCE5112,0.0,1000.0,,2.5685025301978452,0.0,1000.0
TCE5113,0.0,1000.0,1.0,2.568502530197849,0.0,2.568502530197849
TCE5111,0.0,1000.0,1.0,2.568502530197745,0.0,2.568502530197745
RC00220,0.0,1000.0,1.0,1.2842512650989197,0.0,1.2842512650989197
RM01608,-1000.0,1000.0,1.0,0.5268414307044145,-0.5268414307044145,0.5268414307044145
EX02630,0.0,1000.0,,0.08026570406868218,0.0,1000.0
RC09371,0.0,1000.0,1.0,2e-05,0.0,2e-05
RC03936,0.0,1000.0,0.5280435733411128,0.0026262357994598254,0.0,0.0013867669359831204
TCM5029,0.0,1000.0,1.0,1.9263768976484434,0.0,1.9263768976484434
RM03665,0.0,1000.0,1.0,0.007170269104763746,0.0,0.007170269104763746
TCM5027,0.0,1000.0,,0.0972908265499828,0.0,1000.0
DMN0068,0.0,1000.0,,0.011660527442906635,0.0,1000.0
RC09086,0.0,1000.0,1.0,2.5794408031640734,0.0,2.5794408031640734
RCC0229,0.0,1000.0,,0.013149330359374685,0.0,1000.0
RCC0228,0.0,1000.0,,0.01783682312637416,0.0,1000.0
RCC0227,0.0,1000.0,,0.014649253974512874,0.0,1000.0
RCC0226,0.0,1000.0,0.5344915057218959,0.014649253974512293,0.0,0.007829901814539544
DMN0066,0.0,1000.0,,0.011660527442906559,0.0,1000.0
DMN0067,0.0,1000.0,,0.011660527442906717,0.0,1000.0
DMN0060,0.0,1000.0,,0.006334011644597639,0.0,1000.0
DMN0061,0.0,1000.0,,0.006349149176565082,0.0,1000.0
DMN0062,0.0,1000.0,,0.011535191003882958,0.0,1000.0
DMN0063,0.0,1000.0,,0.011660527442906627,0.0,1000.0
TCM1042,-1000.0,1000.0,,1e-06,-1000.0,1000.0
RC04674,0.0,1000.0,1.0,1e-06,0.0,1e-06
TCE7666,-1000.0,1000.0,,1e-06,-1000.0,1000.0
RC00359,0.0,1000.0,1.0,1e-06,0.0,1e-06
TCM1047,-1000.0,1000.0,,1000.0,-1000.0,1000.0
RM00734,-1000.0,1000.0,1.0,1000.0,-1000.0,1000.0
RC00355,-1000.0,1000.0,1.0,1000.0,-1000.0,1000.0
RC00352,0.0,1000.0,1.0,1.9263768977381166,0.0,1.9263768977381166
RC08379,-1000.0,1000.0,1.0,1000.0,-1000.0,1000.0
EX00256,0.0,1000.0,,0.10622994781503982,0.0,1000.0
EX01060,0.0,1000.0,,1e-06,0.0,1000.0
TCM5111,0.0,1000.0,,2.5685025301632085,0.0,1000.0
TCE0573,-1000.0,1000.0,,0.042329526638367684,-1000.0,1000.0
RM02396,0.0,1000.0,1.0,1000.0000000000002,0.0,1000.0000000000002
RC01951,-1000.0,1000.0,1.0,1e-06,-1e-06,1e-06
TCE0694,-1000.0,1000.0,,1e-06,-1000.0,1000.0
RC00685,0.0,1000.0,1.0,0.0026262357994598245,0.0,0.0026262357994598245
TCE5118,0.0,1000.0,,0.013149330358373512,0.0,1000.0
RC01956,-1000.0,1000.0,1.0,0.0026262357994768317,-0.0026262357994768317,0.0026262357994768317
RC01959,0.0,1000.0,1.0,0.0026262357994598254,0.0,0.0026262357994598254
TCE5502,-1000.0,1000.0,,1000.0,-1000.0,1000.0
RM03045,-1000.0,1000.0,1.0,0.5268414307033014,-0.5268414307033014,0.5268414307033014
RC00178,0.0,1000.0,0.4483401597563231,0.04234678775755046,0.0,0.018985765588387278
RCC0139,-1000.0,1000.0,1.0,1000.0000000000001,-1000.0000000000001,1000.0000000000001
RCC0138,-1000.0,1000.0,,1000.0,-1000.0,1000.0
RCC0131,0.0,1000.0,,0.4280837550301244,0.0,1000.0
RCC0130,0.0,1000.0,3.4892513399129483,0.002570223346866177,0.0,0.00896815525692835
RCC0137,-1000.0,1000.0,,1000.0,-1000.0,1000.0
RCC0136,0.0,1000.0,,0.005290595478565964,0.0,1000.0
RC00177,0.0,1000.0,1.0,1.2974072233316603,0.0,1.2974072233316603
RC00127,-1000.0,1000.0,1.0,504.31860233601657,-504.31860233601657,504.31860233601657
TCE5115,0.0,1000.0,,0.01783682312639108,0.0,1000.0
RC03346,0.0,1000.0,1.0,2.5685025301433413,0.0,2.5685025301433413
RC10059,-1000.0,1000.0,1.0,1e-06,-1e-06,1e-06
EX00376,0.0,1000.0,,1e-06,0.0,1000.0
RC06517,-1000.0,1000.0,1.0,2.5692836195771926,-2.5692836195771926,2.5692836195771926
RC06518,0.0,1000.0,1.0,2.568502530138078,0.0,2.568502530138078
RC06519,0.0,1000.0,1.0,0.01045609115193445,0.0,0.01045609115193445
RCC0046,0.0,1000.0,1.0,10.279441960412234,0.0,10.279441960412234
RCC0045,0.0,1000.0,1.0,12.84930245073037,0.0,12.84930245073037
RCC0044,0.0,1000.0,1.0,12.849302450730367,0.0,12.849302450730367
RCC0043,0.0,1000.0,1.0,25.685025301460737,0.0,25.685025301460737
RCC0042,0.0,1000.0,1.0,8.006182158472772e-05,0.0,8.006182158472772e-05
RCC0041,0.0,1000.0,1.0,0.00018630891127271285,0.0,0.00018630891127271285
RCC0040,0.0,1000.0,1.0,0.00015770429928904314,0.0,0.00015770429928904314
RC08767,0.0,1000.0,,0.007573851998294903,0.0,1000.0
RC08766,0.0,1000.0,,0.007573851998319215,0.0,1000.0
RC08761,0.0,1000.0,1.0,1e-06,0.0,1e-06
RC01315,0.0,1000.0,1.0,2.5685025301044293,0.0,2.5685025301044293
RC00575,0.0,1000.0,1.89458094600281,0.3685570451432322,0.0,0.6982611552434652
RC00570,-1000.0,1000.0,1.0,2.570378168562178,-2.570378168562178,2.570378168562178
RC00571,0.0,1000.0,1.0,1.2889947840498177,0.0,1.2889947840498177
TCM1048,-1000.0,1000.0,,1e-06,-1000.0,1000.0
RC00573,0.0,1000.0,1.0,0.8631287846567164,0.0,0.8631287846567164
RC01083,-1000.0,1000.0,1.0,2.5685025300979603,-2.5685025300979603,2.5685025300979603
RC01082,-1000.0,1000.0,1.0,1000.0,-1000.0,1000.0
RC00578,0.0,1000.0,1.0,1.2899496580282506,0.0,1.2899496580282506
TCM5056,0.0,1000.0,1.0,0.050035763572876014,0.0,0.050035763572876014
EX00143,0.0,1000.0,,2.000000020089548e-05,0.0,1000.0
DMN1005,0.0,1000.0,,1e-06,0.0,1000.0
DMN1004,0.0,1000.0,,0.04846231188899945,0.0,1000.0
DMN1007,0.0,1000.0,,0.04939427942493079,0.0,1000.0
DMN1006,0.0,1000.0,,0.005226596682885604,0.0,1000.0
DMN1001,0.0,1000.0,,1e-06,0.0,1000.0
EX00954,0.0,1000.0,,0.0026262357994561963,0.0,1000.0
TCM5053,0.0,1000.0,1.0,0.0811106062154655,0.0,0.0811106062154655
EX00956,0.0,1000.0,,1e-06,0.0,1000.0
EX00483,0.0,1000.0,,0.007573851998319212,0.0,1000.0
TCM5052,0.0,1000.0,1.0,0.045866116609216905,0.0,0.045866116609216905
RC01227,0.0,1000.0,1.0,2.568502530162814,0.0,2.568502530162814
RC00161,0.0,1000.0,1.0,2.5685025301338316,0.0,2.5685025301338316
RC01224,-1000.0,1000.0,1.0,1000.0,-1000.0,1000.0
RC01220,-1000.0,1000.0,1.0,1000.0,-1000.0,1000.0
TCM5050,0.0,1000.0,1.0,0.06315989828258685,0.0,0.06315989828258685
TCE5094,0.0,1000.0,,0.007573851998321656,0.0,1000.0
EX01326,0.0,1000.0,,0.30307422093966363,0.0,1000.0
RC01229,0.0,1000.0,1.0,2.5708148519633096,0.0,2.5708148519633096
RM00472,0.0,1000.0,1.0,2.051606372932617,0.0,2.051606372932617
EX00002,0.0,1000.0,,0.04738258114569922,0.0,1000.0
RC01795,0.0,1000.0,1.0,0.004682790365505363,0.0,0.004682790365505363
RC01794,0.0,1000.0,1.0,0.2702709180346421,0.0,0.2702709180346421
RC01793,0.0,1000.0,1.0,0.2702709180257185,0.0,0.2702709180257185
EX00007,-1000.0,1000.0,,1.4648369300986421,-1000.0,1000.0
EX00559,0.0,1000.0,,0.04804277393841508,0.0,1000.0
EX00009,-1000.0,1000.0,,0.17852219211468082,-1000.0,1000.0
RC01799,-1000.0,1000.0,1.0,1.2847135448871316,-1.2847135448871316,1.2847135448871316
EX00794,0.0,1000.0,,0.05124716827382084,0.0,1000.0
TCM0222,0.0,1000.0,,1000.0,0.0,1000.0
TCM0221,0.0,1000.0,,1e-06,0.0,1000.0
TCM0220,0.0,1000.0,,1e-06,0.0,1000.0
TCM0224,-1000.0,1000.0,,1.1007867986235391,-1000.0,1000.0
RM04138,0.0,1000.0,1.0,0.010286614105372887,0.0,0.010286614105372887
TCE1130,0.0,1000.0,,1e-06,0.0,1000.0
TCE1132,0.0,1000.0,,2.568502530121777,0.0,1000.0
TCE1133,-1000.0,1000.0,,0.04738258114773793,-1000.0,1000.0
RM00383,0.0,1000.0,,1.9263768976195093,0.0,1000.0
TCM1085,-1000.0,1000.0,,1000.0,-1000.0,1000.0
TCM0137,0.0,1000.0,,1e-06,0.0,1000.0
TCM0135,-1000.0,1000.0,,0.019762252908312024,-1000.0,1000.0
TCM0134,-1000.0,1000.0,,1e-06,-1000.0,1000.0
TCM0132,-1000.0,1000.0,,0.012788427148899675,-1000.0,1000.0
TCM0131,0.0,1000.0,,1e-06,0.0,1000.0
TCM0130,0.0,1000.0,,1e-06,0.0,1000.0
TCM0139,-1000.0,1000.0,,1000.0,-1000.0,1000.0
RMC0089,0.0,1000.0,1.0,0.10274010120472647,0.0,0.10274010120472647
RMC0088,0.0,1000.0,1.0,0.1139175028786904,0.0,0.1139175028786904
RMC0087,0.0,1000.0,1.0,0.127359374257578,0.0,0.127359374257578
TCE0662,-1000.0,1000.0,,1000.0,-1000.0,1000.0
TCE0660,0.0,1000.0,,0.10702093875920111,0.0,1000.0
EX05519,0.0,1000.0,,0.09065303047731964,0.0,1000.0
EX01194,0.0,1000.0,,0.005776104358700388,0.0,1000.0
EX05684,0.0,1000.0,,2.000000000000001e-05,0.0,1000.0
EX01755,0.0,1000.0,,0.017266489012167877,0.0,1000.0
EX01205,0.0,1000.0,,0.07228213037968222,0.0,1000.0
RC02529,0.0,1000.0,1.0,0.3604163027807529,0.0,0.3604163027807529
RC02038,-1000.0,1000.0,1.0,1.2805135366298535,-1.2805135366298535,1.2805135366298535
RC02521,0.0,1000.0,1.0,0.007573851998319213,0.0,0.007573851998319213
RC02030,-1000.0,1000.0,1.0,0.00016880993734376068,-0.00016880993734376068,0.00016880993734376068
RC02037,0.0,1000.0,1.0,0.05123096679754015,0.0,0.05123096679754015
RC02035,0.0,1000.0,1.0,0.7902621460566223,0.0,0.7902621460566223
EX01996,0.0,1000.0,,0.03496641865141039,0.0,1000.0
TCE5099,0.0,1000.0,,2.5685025301978452,0.0,1000.0
TCE5098,-1000.0,1000.0,,1e-06,-1000.0,1000.0
EX06341,0.0,1000.0,,1e-06,0.0,1000.0
TCE5349,-1000.0,1000.0,,0.0026262357994598262,-1000.0,1000.0
TCE5348,-1000.0,1000.0,,0.11261440670881567,-1000.0,1000.0
TCE5347,-1000.0,1000.0,,0.010497572813152068,-1000.0,1000.0
RC02326,-1000.0,1000.0,1.0,0.00023677200402434192,-0.00023677200402434192,0.00023677200402434192
TCE5345,-1000.0,1000.0,,0.0026262357994598262,-1000.0,1000.0
TCE5344,-1000.0,1000.0,,0.007573851998319214,-1000.0,1000.0
RC02323,0.0,1000.0,1.0,0.8599664386897077,0.0,0.8599664386897077
TCE5342,-1000.0,1000.0,,0.1306018235693848,-1000.0,1000.0
TCE5341,-1000.0,1000.0,,0.002626235799459825,-1000.0,1000.0
TCE5340,-1000.0,1000.0,,0.007573851998319213,-1000.0,1000.0
RC02147,-1000.0,1000.0,1.0,2.5685025301978808,-2.5685025301978808,2.5685025301978808
RC07641,0.0,1000.0,1.89458094600281,0.4280837550329685,0.0,0.8110393255787967
RC02142,0.0,1000.0,0.5265091139263521,2.5685025301977777,0.0,1.3523399912920255
TCE0450,-1000.0,1000.0,,4.000000000000002e-05,-1000.0,1000.0
RC03321,-1000.0,1000.0,1.0,1000.0,-1000.0,1000.0
TCE5307,0.0,1000.0,,1e-06,0.0,1000.0
EX03917,0.0,1000.0,,1e-06,0.0,1000.0
TCE5304,0.0,1000.0,,2.56850253020035,0.0,1000.0
EX03284,0.0,1000.0,,0.0722821303797475,0.0,1000.0
RC03038,0.0,1000.0,1.0,0.04623482479810782,0.0,0.04623482479810782
TCE0401,0.0,1000.0,,1e-06,0.0,1000.0
RM01616,0.0,1000.0,1.0,0.007573851998319218,0.0,0.007573851998319218
RC04208,0.0,1000.0,3.638824824336365,0.07576855523547628,0.0,0.27570849969495215
RC04209,-1000.0,1000.0,2.0367769248567353,0.07576855523533337,-0.15432364493306,0.15432364493306
RC00963,0.0,1000.0,1.0,2.5779895681898095,0.0,2.5779895681898095
RC00961,-1000.0,1000.0,1.0,1000.0000000000001,-1000.0000000000001,1000.0000000000001
RC04073,0.0,1000.0,1.0,0.5334433821278158,0.0,0.5334433821278158
RC00965,0.0,1000.0,1.0,0.42808375503338897,0.0,0.42808375503338897
RC00964,0.0,1000.0,1.0,2.568502530195325,0.0,2.568502530195325
RC04866,0.0,1000.0,1.0,0.23364719148429205,0.0,0.23364719148429205
RC04867,0.0,1000.0,1.0,1e-06,0.0,1e-06
DMN0064,0.0,1000.0,,0.011834565165923955,0.0,1000.0
RM01923,0.0,1000.0,1.0,0.1481828382805,0.0,0.1481828382805
RM02016,0.0,1000.0,1.0,0.3993895569194702,0.0,0.3993895569194702
DMN0059,0.0,1000.0,,0.017266489012167877,0.0,1000.0
DMN0058,0.0,1000.0,,2.0000000000000012e-05,0.0,1000.0
TCM1287,-1000.0,1000.0,,4.753537910491294,-1000.0,1000.0
RC01639,0.0,1000.0,1.0,0.7902621460511053,0.0,0.7902621460511053
RCC0234,0.0,1000.0,0.5430823393448878,0.014649253974542772,0.0,0.007955751118152084
DMN0055,0.0,1000.0,,0.005750377706007349,0.0,1000.0
DMN0054,0.0,1000.0,,0.005763212321930909,0.0,1000.0
RCC0232,0.0,1000.0,,0.014375946997441592,0.0,1000.0
RCC0233,0.0,1000.0,,0.012115577972684173,0.0,1000.0
RC00369,-1000.0,1000.0,1.0,1000.0,-1000.0,1000.0
RC04666,0.0,1000.0,1.0,0.3257324357197735,0.0,0.3257324357197735
TCM1078,-1000.0,1000.0,,0.2970553475899362,-1000.0,1000.0
RC03814,0.0,1000.0,0.48093173116564614,0.07051799809467688,0.0,0.03391434290200868
TCM1075,-1000.0,1000.0,,0.0033979657543006633,-1000.0,1000.0
TCM1077,0.0,1000.0,,1000.0,0.0,1000.0
TCM1076,-1000.0,1000.0,,1e-06,-1000.0,1000.0
RM00705,0.0,1000.0,1.0,0.5479209861143096,0.0,0.5479209861143096
TCM1070,-1000.0,1000.0,,0.0033801128773605004,-1000.0,1000.0
RC05795,0.0,1000.0,1.0,1.2842512650988684,0.0,1.2842512650988684
RM00706,0.0,1000.0,1.0,0.547920986113918,0.0,0.547920986113918
TCM1043,0.0,1000.0,,1000.0,0.0,1000.0
TCM1044,-1000.0,1000.0,,0.00043890000000000004,-1000.0,1000.0
TCM1045,-1000.0,1000.0,,1000.0,-1000.0,1000.0
TCM1285,-1000.0,1000.0,1.0,2.332344515696351,-2.332344515696351,2.332344515696351
RC01768,0.0,1000.0,3.2918784574133775,1.3194571548910148,0.0,4.343492583665678
RC01769,0.0,1000.0,3.2918784574133775,0.4947964330774084,0.0,1.6288097188525006
TCM5059,0.0,1000.0,,1000.0,0.0,1000.0
TCE0735,-1000.0,1000.0,,0.017266489012168096,-1000.0,1000.0
TCE9072,-1000.0,1000.0,,1e-06,-1000.0,1000.0
RCC0128,0.0,1000.0,3.4892513399129483,2.5704154074872356,0.0,8.968825404707724
RCC0129,0.0,1000.0,3.4892513399129483,2.5685025302002478,0.0,8.962150895071012
TCE0743,0.0,1000.0,,0.0473825811473682,0.0,1000.0
RC01168,0.0,1000.0,0.3731655676179544,0.002409950650018937,0.0,0.0008993106022455747
RM00410,-1000.0,1000.0,1.0,501.2951994016317,-501.2951994016317,501.2951994016317
RCC0120,0.0,1000.0,1.0,0.0017870188641916727,0.0,0.0017870188641916727
RCC0121,0.0,1000.0,1.0,0.20277651554228748,0.0,0.20277651554228748
RCC0122,0.0,1000.0,1.0,0.17123350201451534,0.0,0.17123350201451534
RC01167,0.0,1000.0,1.0,0.002409950650018936,0.0,0.002409950650018936
RCC0124,0.0,1000.0,1.0,0.1977259739335268,0.0,0.1977259739335268
RCC0125,0.0,1000.0,0.5344915057218959,0.19757711770905118,0.0,0.10560329114050301
RCC0126,0.0,1000.0,0.5344915057218959,0.5927313531270586,0.0,0.31680987342145833
RCC0127,0.0,1000.0,3.4892513399129483,0.2407971122078564,0.0,0.8402016464184315
RC01890,-1000.0,1000.0,1.0,2.5726632940496468,-2.5726632940496468,2.5726632940496468
RC01896,-1000.0,1000.0,1.6579045059604989,0.7902621460579381,-1.3101791728394694,1.3101791728394694
EX11135,0.0,1000.0,,1e-06,0.0,1000.0
SNK0029,0.0,1000.0,,1e-06,0.0,1000.0
SNK0028,0.0,1000.0,,1e-06,0.0,1000.0
RC06521,0.0,1000.0,1.0,2.5685025301848783,0.0,2.5685025301848783
RC06520,0.0,1000.0,1.0,2.5685025302076268,0.0,2.5685025302076268
RC06522,0.0,1000.0,1.0,2.568502530205591,0.0,2.568502530205591
EXC0052,0.0,1000.0,,0.051812828278670925,0.0,1000.0
RCC0055,0.0,1000.0,3.4892513399129483,0.0008331,0.0,0.0029068952912814773
RCC0056,0.0,1000.0,3.4892513399129483,0.17692621179407653,0.0,0.6173400215682036
EXC0051,0.0,1000.0,,0.07104418523318258,0.0,1000.0
RCC0050,-1000.0,1000.0,1.0,1e-06,-1e-06,1e-06
RCC0051,0.0,1000.0,1.0,1000.0,0.0,1000.0
EXC0054,0.0,1000.0,,0.0027376999999999996,0.0,1000.0
RCC0053,0.0,1000.0,1.7632286062049225,0.7902621460547885,0.0,1.3934128223246955
RC01301,0.0,1000.0,,0.007573851998319267,0.0,1000.0
EXC0058,0.0,1000.0,,0.008837068219752954,0.0,1000.0
EXC0059,0.0,1000.0,,0.0023231154692000006,0.0,1000.0
RCC0058,0.0,1000.0,1.0,0.15679580221950637,0.0,0.15679580221950637
RC00782,0.0,1000.0,1.0,0.7764725942305788,0.0,0.7764725942305788
RC00549,0.0,1000.0,1.0,2.5685025302256768,0.0,2.5685025302256768
RC00548,0.0,1000.0,1.0,2.568779930211675,0.0,2.568779930211675
RC01092,0.0,1000.0,1.0,2.568502530211917,0.0,2.568502530211917
RC01093,-1000.0,1000.0,1.0,1000.0,-1000.0,1000.0
RC01095,-1000.0,1000.0,1.0,1000.0,-1000.0,1000.0
TCM1096,0.0,1000.0,,999.9999999999999,0.0,1000.0
TCM1095,-1000.0,1000.0,,1e-06,-1000.0,1000.0
TCM1091,-1000.0,1000.0,,0.013730001263167787,-1000.0,1000.0
TCM1098,-1000.0,1000.0,,0.008847538202007189,-1000.0,1000.0
RC01234,0.0,1000.0,1.0,2.5685025299203996,0.0,2.5685025299203996
RC06238,0.0,1000.0,1.0,0.00529059547865738,0.0,0.00529059547865738
RC01230,0.0,1000.0,1.0,2.5685025302150066,0.0,2.5685025302150066
RC01231,0.0,1000.0,1.0,1.2899496580321541,0.0,1.2899496580321541
RM08761,0.0,1000.0,1.0,1e-06,0.0,1e-06
RM08767,0.0,1000.0,,0.00757385199831123,0.0,1000.0
RM08766,0.0,1000.0,,0.007573851998319214,0.0,1000.0
RC01786,0.0,1000.0,1.0,2.579440803170665,0.0,2.579440803170665
RC01787,-1000.0,1000.0,1.0,2.5794408031489287,-2.5794408031489287,2.5794408031489287
EX00565,0.0,1000.0,,2.000000000000001e-05,0.0,1000.0
EX00818,0.0,1000.0,,0.06901898809342423,0.0,1000.0
EX00811,0.0,1000.0,,0.007573851998317718,0.0,1000.0
EX00584,0.0,1000.0,,0.011660527442944671,0.0,1000.0
EX00583,0.0,1000.0,,0.08375551728902374,0.0,1000.0
EX05688,0.0,1000.0,,2e-05,0.0,1000.0
EX00588,0.0,1000.0,,0.04248968247119605,0.0,1000.0
EXC0203,0.0,1000.0,,0.008799773325926205,0.0,1000.0
EXC0202,0.0,1000.0,,0.0067870987935551,0.0,1000.0
EXC0201,0.0,1000.0,,0.005886922836421252,0.0,1000.0
EXC0207,0.0,1000.0,,0.009826634724548079,0.0,1000.0
EX01697,0.0,1000.0,,0.0510298515934594,0.0,1000.0
EXC0208,0.0,1000.0,,0.0098092685324185,0.0,1000.0
RC10951,0.0,1000.0,1.0,0.8561675100698041,0.0,0.8561675100698041
EX06424,0.0,1000.0,,0.018929974268207573,0.0,1000.0
RC01431,-1000.0,1000.0,1.0,0.06345294066889932,-0.06345294066889932,0.06345294066889932
TCM0124,0.0,1000.0,,1e-06,0.0,1000.0
TCM0125,0.0,1000.0,,1000.0,0.0,1000.0
TCM0126,0.0,1000.0,,1e-06,0.0,1000.0
TCM0127,0.0,1000.0,,1e-06,0.0,1000.0
TCM0121,0.0,1000.0,,1000.0,0.0,1000.0
EX00101,0.0,1000.0,,2.000000000000584e-05,0.0,1000.0
TCM0128,0.0,1000.0,,1000.0,0.0,1000.0
TCM0129,-1000.0,1000.0,,1e-06,-1000.0,1000.0
RC01818,-1000.0,1000.0,1.0,0.0523374571193993,-0.0523374571193993,0.0523374571193993
RMC0098,0.0,1000.0,1.0,0.05003576357508853,0.0,0.05003576357508853
RMC0099,0.0,1000.0,1.0,0.045866116610694084,0.0,0.045866116610694084
RCC0033,0.0,1000.0,1.0,1.4348304193278563e-05,0.0,1.4348304193278563e-05
RMC0092,0.0,1000.0,1.0,0.08111060621696041,0.0,0.08111060621696041
RMC0093,0.0,1000.0,1.0,0.06315989828368522,0.0,0.06315989828368522
RMC0090,0.0,1000.0,1.0,0.10328520261260762,0.0,0.10328520261260762
RMC0091,0.0,1000.0,1.0,0.0811106062168125,0.0,0.0811106062168125
RMC0096,0.0,1000.0,1.0,0.05583701152666434,0.0,0.05583701152666434
RMC0097,0.0,1000.0,1.0,0.05583701152608772,0.0,0.05583701152608772
RMC0094,0.0,1000.0,1.0,0.0631598982836078,0.0,0.0631598982836078
RMC0095,0.0,1000.0,1.0,0.0558370115261056,0.0,0.0558370115261056
TCE0670,-1000.0,1000.0,,0.08765322090621244,-1000.0,1000.0
TCE0673,-1000.0,1000.0,,0.008633244506083933,-1000.0,1000.0
TCE0674,-1000.0,1000.0,,0.14107497001422273,-1000.0,1000.0
TCE5008,0.0,1000.0,,2.000000000000001e-05,0.0,1000.0
RM04096,0.0,1000.0,1.0,0.010286614105372887,0.0,0.010286614105372887
RCC0034,0.0,1000.0,2.5663445149234447,7.174152096629244e-06,0.0,1.8411345882410994e-05
EX01185,0.0,1000.0,,0.0026262357994599173,0.0,1000.0
EX01181,0.0,1000.0,,0.007871337013692253,0.0,1000.0
TCE1211,-1000.0,1000.0,,0.10791235519266872,-1000.0,1000.0
EX01211,0.0,1000.0,,1e-06,0.0,1000.0
RM00081,0.0,1000.0,1.0,1.00257080405485,0.0,1.00257080405485
RC02029,0.0,1000.0,,0.006196011639854166,0.0,1000.0
RM01282,-1000.0,1000.0,1.0,1.8829943622106873,-1.8829943622106873,1.8829943622106873
RC02024,0.0,1000.0,1.0,0.5680219235919227,0.0,0.5680219235919227
RC04361,0.0,1000.0,,0.24270998949077927,0.0,1000.0
TCE5417,0.0,1000.0,,1000.0,0.0,1000.0
TCE5416,-1000.0,1000.0,,0.07228213037968306,-1000.0,1000.0
TCE5414,-1000.0,1000.0,,0.05204622340449967,-1000.0,1000.0
TCE5413,-1000.0,1000.0,,0.018929974267997283,-1000.0,1000.0
TCE5412,-1000.0,1000.0,,0.035716275846318125,-1000.0,1000.0
TCE5358,-1000.0,1000.0,,0.008847538202003636,-1000.0,1000.0
RC07168,-1000.0,1000.0,1.0,1000.0,-1000.0,1000.0
TCE5354,-1000.0,1000.0,,0.007573851998319213,-1000.0,1000.0
RC02335,0.0,1000.0,1.0,2.572243266840853,0.0,2.572243266840853
TCE5356,-1000.0,1000.0,,0.0026262357994598262,-1000.0,1000.0
TCE5357,-1000.0,1000.0,,0.10234100744250853,-1000.0,1000.0
TCE5350,-1000.0,1000.0,,0.007871337013692246,-1000.0,1000.0
RC02331,-1000.0,1000.0,1.0,2.568502530195358,-2.568502530195358,2.568502530195358
TCE5352,-1000.0,1000.0,,0.051835161324155596,-1000.0,1000.0
TCE5353,-1000.0,1000.0,,0.12464955615169537,-1000.0,1000.0
EX02505,0.0,1000.0,,0.004682790365505361,0.0,1000.0
RC08174,0.0,1000.0,1.0,0.01594678641956078,0.0,0.01594678641956078
RC08177,0.0,1000.0,1.0,0.013554117369522526,0.0,0.013554117369522526
RC03315,0.0,1000.0,1.0,2.568502530205297,0.0,2.568502530205297
RM02480,-1000.0,1000.0,1.0,7.174152096636632e-06,-7.174152096636632e-06,7.174152096636632e-06
RM02488,0.0,1000.0,1.0,0.010497572813152075,0.0,0.010497572813152075
TCE1158,0.0,1000.0,,1e-06,0.0,1000.0
RMC0074,0.0,1000.0,,0.017266489012167853,0.0,1000.0
RMC0075,0.0,1000.0,1.0,0.39938955691910655,0.0,0.39938955691910655
RMC0077,0.0,1000.0,1.0,0.017266489012167877,0.0,0.017266489012167877
RC00174,0.0,1000.0,1.0,6.000000000000003e-05,0.0,6.000000000000003e-05
EX02188,0.0,1000.0,,1e-06,0.0,1000.0
RC02531,-1000.0,1000.0,1.0,0.08375551728903274,-0.08375551728903274,0.08375551728903274
RC03005,-1000.0,1000.0,1.0,2.5685025301976068,-2.5685025301976068,2.5685025301976068
RC03004,0.0,1000.0,1.0,2.5685025301952717,0.0,2.5685025301952717
RCC0134,0.0,1000.0,1.0,1.1007867986551065,0.0,1.1007867986551065
RC03552,-1000.0,1000.0,1.0,1000.0,-1000.0,1000.0
TCE0416,-1000.0,1000.0,,1e-06,-1000.0,1000.0
TCE0417,-1000.0,1000.0,,0.017266489012167867,-1000.0,1000.0
RC03956,-1000.0,1000.0,1.0,0.01726648901216787,-0.01726648901216787,0.01726648901216787
RC03954,0.0,1000.0,,0.0026262357994598254,0.0,1000.0
RC09319,0.0,1000.0,1.0,8.006132067247908e-05,0.0,8.006132067247908e-05
RC03778,0.0,1000.0,0.5344915057218959,0.12692993513017675,0.0,0.06784297214891073
EX00111,0.0,1000.0,,0.10702093875825018,0.0,1000.0
EX00504,0.0,1000.0,,1.999999990535625e-05,0.0,1000.0
RM03534,-1000.0,1000.0,1.0,1.1007867986540922,-1.1007867986540922,1.1007867986540922
RC00978,-1000.0,1000.0,1.0,0.4491633104367628,-0.4491633104367628,0.4491633104367628
RM01025,-1000.0,1000.0,1.0,0.04711938123145654,-0.04711938123145654,0.04711938123145654
RM05052,0.0,1000.0,1.0,0.2970553475883921,0.0,0.2970553475883921
RM05051,0.0,1000.0,1.0,0.2970553475885965,0.0,0.2970553475885965
RM00716,-1000.0,1000.0,1.0,0.007871337013692243,-0.007871337013692243,0.007871337013692243
RM00713,0.0,1000.0,1.0,0.5334433821276507,0.0,0.5334433821276507
RM00710,0.0,1000.0,7.076790401962159,7.705507590588915,0.0,54.53026215932619
RM00711,0.0,1000.0,1.0,7.705507590592093,0.0,7.705507590592093
RCC0200,0.0,1000.0,,0.01783682312636927,0.0,1000.0
EX03479,0.0,1000.0,,1e-06,0.0,1000.0
RCC0207,0.0,1000.0,1.0,0.014649253974470434,0.0,0.014649253974470434
RCC0206,0.0,1000.0,0.5344915057218959,0.014649253974557302,0.0,0.007829901814563599
TCM1069,-1000.0,1000.0,,1000.0,-1000.0,1000.0
TCM1062,-1000.0,1000.0,,0.16053140813540065,-1000.0,1000.0
TCM1063,-1000.0,1000.0,,0.002626235799459825,-1000.0,1000.0
TCM1061,-1000.0,1000.0,,0.0026262357994598254,-1000.0,1000.0
TCM1067,-1000.0,1000.0,,0.013730001263047171,-1000.0,1000.0
RC04300,0.0,1000.0,1.0,0.0075738519983122735,0.0,0.0075738519983122735
RM03991,-1000.0,1000.0,1.0,0.14818283828167417,-0.14818283828167417,0.14818283828167417
RM03990,-1000.0,1000.0,1.0,1.8885185893784282,-1.8885185893784282,1.8885185893784282
RC04780,0.0,1000.0,1.0,2.5685025301964806,0.0,2.5685025301964806
RCC0115,0.0,1000.0,1.0,0.17675772918197796,0.0,0.17675772918197796
RCC0114,0.0,1000.0,1.0,0.05583701152601686,0.0,0.05583701152601686
RCC0117,0.0,1000.0,1.0,0.11391750288167725,0.0,0.11391750288167725
RC01938,0.0,1000.0,,0.002626235799459826,0.0,1000.0
RC00156,-1000.0,1000.0,1.0,25.69720697102247,-25.69720697102247,25.69720697102247
RCC0110,0.0,1000.0,1.0,0.08111060621672739,0.0,0.08111060621672739
RCC0113,0.0,1000.0,1.0,0.055837011525891704,0.0,0.055837011525891704
RC00155,0.0,1000.0,1.0,2.5685025301972453,0.0,2.5685025301972453
RC00158,-1000.0,1000.0,1.0,2.5735450214054505,-2.5735450214054505,2.5735450214054505
RCC0119,0.0,1000.0,1.0,0.008855653442012792,0.0,0.008855653442012792
RCC0118,0.0,1000.0,1.0,0.008855653442012794,0.0,0.008855653442012794
RM00405,-1000.0,1000.0,1.0,501.7139035449481,-501.7139035449481,501.7139035449481
RM01975,-1000.0,1000.0,1.0,0.1833891788616491,-0.1833891788616491,0.1833891788616491
RC01154,0.0,1000.0,1.0,0.42907994651647235,0.0,0.42907994651647235
DMN0046,0.0,1000.0,,1.9999999890992093e-05,0.0,1000.0
DMN0047,0.0,1000.0,,1.9999999971826842e-05,0.0,1000.0
DMN0044,0.0,1000.0,,2.0024117507895392e-05,0.0,1000.0
DMN0042,0.0,1000.0,,0.0013131178997299125,0.0,1000.0
DMN0043,0.0,1000.0,,0.002626235799459826,0.0,1000.0
DMN0040,0.0,1000.0,,0.0026262357994598254,0.0,1000.0
DMN0041,0.0,1000.0,,0.0026262357994598254,0.0,1000.0
RM03663,0.0,1000.0,1.0,0.00476089447728325,0.0,0.00476089447728325
RM03662,0.0,1000.0,1.0,0.004373954850339538,0.0,0.004373954850339538
RM03661,0.0,1000.0,1.0,0.004127928840313888,0.0,0.004127928840313888
RM03660,0.0,1000.0,1.0,0.003397965754300664,0.0,0.003397965754300664
DMN0048,0.0,1000.0,,0.0448653168341181,0.0,1000.0
RM03664,0.0,1000.0,1.0,0.0008538829715335665,0.0,0.0008538829715335665
RC01334,0.0,1000.0,1.0,1e-06,0.0,1e-06
RC01844,-1000.0,1000.0,1.0,0.04768584631919847,-0.04768584631919847,0.04768584631919847
RC01843,0.0,1000.0,1.0,2.622721547556592,0.0,2.622721547556592
SNK0036,0.0,1000.0,,1e-06,0.0,1000.0
RCC0061,0.0,1000.0,1.0,0.08936955374530377,0.0,0.08936955374530377
RCC0060,0.0,1000.0,1.0,0.010456091152028977,0.0,0.010456091152028977
RCC0063,0.0,1000.0,1.0,0.061526082068222646,0.0,0.061526082068222646
RCC0062,0.0,1000.0,1.0,0.061526082068271336,0.0,0.061526082068271336
RCC0065,0.0,1000.0,1.0,0.060281772588493855,0.0,0.060281772588493855
RCC0064,0.0,1000.0,1.0,0.07051799809461241,0.0,0.07051799809461241
RCC0067,0.0,1000.0,1.0,0.05402968192322375,0.0,0.05402968192322375
RCC0066,0.0,1000.0,1.0,0.06152608206846651,0.0,0.06152608206846651
RCC0069,0.0,1000.0,1.0,0.11331628809697065,0.0,0.11331628809697065
RCC0068,0.0,1000.0,1.0,0.05402968192329906,0.0,0.05402968192329906
RC10092,-1000.0,1000.0,1.0,1000.0,-1000.0,1000.0
RC00554,-1000.0,1000.0,1.0,0.011706076183974684,-0.011706076183974684,0.011706076183974684
RC00551,0.0,1000.0,1.0,0.011706076183974679,0.0,0.011706076183974679
SNK0101,0.0,1000.0,,1e-06,0.0,1000.0
SNK0102,0.0,1000.0,,0.011706076183974679,0.0,1000.0
TCM1080,0.0,1000.0,,0.00043890000000000004,0.0,1000.0
TCM1082,-1000.0,1000.0,,1000.0,-1000.0,1000.0
RC05803,0.0,1000.0,1.0,2.568502530191187,0.0,2.568502530191187
TCM1089,-1000.0,1000.0,,1000.0,-1000.0,1000.0
TCE0453,-1000.0,1000.0,,0.043234971057831195,-1000.0,1000.0
RC01201,0.0,1000.0,1.0,2.574365059235842,0.0,2.574365059235842
RC01206,0.0,1000.0,10.0,2.5685025302003943,0.0,25.685025302003943
RM08770,0.0,1000.0,,0.004576667087705278,0.0,1000.0
RM08771,0.0,1000.0,1.0,0.004576667087636719,0.0,0.004576667087636719
RM08772,0.0,1000.0,,0.004576667087636718,0.0,1000.0
RM08773,0.0,1000.0,1.0,0.004576667087636719,0.0,0.004576667087636719
RM08774,0.0,1000.0,1.0,0.0045766670876367195,0.0,0.0045766670876367195
RM08775,0.0,1000.0,1.0,0.0045766670876367195,0.0,0.0045766670876367195
TCM0204,0.0,1000.0,,1e-06,0.0,1000.0
TCM0207,-1000.0,1000.0,,1000.0,-1000.0,1000.0
TCM0206,0.0,1000.0,,1000.0,0.0,1000.0
TCM0201,-1000.0,1000.0,,1000.0,-1000.0,1000.0
TCM0200,0.0,1000.0,,1e-06,0.0,1000.0
TCE2001,0.0,1000.0,,1e-06,0.0,1000.0
TCE2000,0.0,1000.0,,1.2842512651037246,0.0,1000.0
TCE2003,-1000.0,1000.0,,1e-06,-1000.0,1000.0
TCE2005,0.0,1000.0,,1.2842512650694258,0.0,1000.0
EX00314,0.0,1000.0,,2.0000000000000005e-05,0.0,1000.0
TCE0459,0.0,1000.0,,500.00000000000006,0.0,1000.0
RC01318,-1000.0,1000.0,1.0,2.5683484958039275,-2.5683484958039275,2.5683484958039275
EX00777,0.0,1000.0,,1e-06,0.0,1000.0
EX04677,0.0,1000.0,,0.05292372214034146,0.0,1000.0
EX00311,0.0,1000.0,,0.07943822258244145,0.0,1000.0
EXC0210,0.0,1000.0,,0.009751821936917215,0.0,1000.0
EXC0211,0.0,1000.0,,0.009768985141341627,0.0,1000.0
EXC0213,0.0,1000.0,,0.0060681997911347,0.0,1000.0
EXC0214,0.0,1000.0,,0.005464613878098782,0.0,1000.0
EXC0216,0.0,1000.0,,1e-06,0.0,1000.0
RM00161,0.0,1000.0,1.0,0.0004389,0.0,0.0004389
RC01310,0.0,1000.0,1.0,1.2865221964091784,0.0,1.2865221964091784
RM00369,-1000.0,1000.0,1.0,1000.0,-1000.0,1000.0
TCE1117,-1000.0,1000.0,,0.11675011500563981,-1000.0,1000.0
TCM0111,0.0,1000.0,1.5520605758362755,1000.0,0.0,1552.0605758362756
TCM0110,0.0,1000.0,,1000.0,0.0,1000.0
TCM0113,-1000.0,1000.0,,1e-06,-1000.0,1000.0
TCM0115,0.0,1000.0,,1e-06,0.0,1000.0
TCM0114,0.0,1000.0,,1000.0,0.0,1000.0
TCM0117,-1000.0,1000.0,,0.020466990373768076,-1000.0,1000.0
TCM0116,0.0,1000.0,,1e-06,0.0,1000.0
TCM0119,-1000.0,1000.0,,1e-06,-1000.0,1000.0
TCM0118,-1000.0,1000.0,,1000.0,-1000.0,1000.0
EX00114,0.0,1000.0,,0.04317082973121035,0.0,1000.0
EX00116,0.0,1000.0,,0.08795899384366015,0.0,1000.0
EX00979,0.0,1000.0,,2.000000000000001e-05,0.0,1000.0
RC00678,0.0,1000.0,1.0,0.002626235799459825,0.0,0.002626235799459825
TCE0648,-1000.0,1000.0,,0.05486791292660214,-1000.0,1000.0
TCE0644,-1000.0,1000.0,,0.08145538002883766,-1000.0,1000.0
TCE1206,-1000.0,1000.0,,0.05378494049968545,-1000.0,1000.0
TCE1204,-1000.0,1000.0,,0.16053140813075353,-1000.0,1000.0
RC02239,0.0,1000.0,1.0,2.5685025301563975,0.0,2.5685025301563975
RC02235,-1000.0,1000.0,1.0,1000.0,-1000.0,1000.0
RC02236,-1000.0,1000.0,1.0,1000.0,-1000.0,1000.0
TCE1208,-1000.0,1000.0,,0.011706076183974679,-1000.0,1000.0
TCM0317,-1000.0,1000.0,,1e-06,-1000.0,1000.0
RC04886,-1000.0,1000.0,,0.007573851998283502,-1000.0,1000.0
TCM0316,-1000.0,1000.0,,1e-06,-1000.0,1000.0
