,wild type,rsks-1,daf-2,daf-2 rsks-1,daf-16; daf-2 rsks-1
EX00253,1.3208583381705029e-17,1.3208583381705029e-17,2.6417166763410058e-17,1.3208583381705029e-17,1.3208583381705029e-17
EXC0161,0.0,0.0,0.0,0.0,0.0
TCE5369,0.0,0.0,0.0,0.0,0.0
TCE5368,0.0,0.0,0.0,0.0,0.0
TCE5361,0.0,0.0,0.0,0.0,0.0
TCE5360,0.0,0.0,0.0,0.0,0.0
TCE5363,0.0,0.0,0.0,0.0,0.0
TCE5362,0.0,0.0,0.0,0.0,0.0
RM01360,0.003966786824883263,0.003966786824883263,0.003989770966259187,0.003990435587790556,0.003966786824883253
TCE5364,0.0,0.0,0.0,0.0,0.0
TCE5367,0.0,0.0,0.0,0.0,0.0
TCE5366,0.0,0.0,0.0,0.0,0.0
EX02512,0.0,0.0,0.0,0.0,0.0
RC02493,0.0,0.0,0.0,0.0,0.0
RC02497,0.0,0.0,0.0,0.0,0.0
TCE0424,0.0,0.0,0.0,0.0,0.0
RC02543,0.0,0.0,0.0,0.0,0.0
RC02017,0.0,0.0,0.0,0.0,0.0
RC02016,0.0,0.0,0.0,0.0,0.0
RC05916,0.0,0.0,0.0,0.0,0.0
RC02019,0.0,0.0,0.0,0.0,0.0
RC02018,0.0,0.0,0.0,0.0,0.0
RC03542,0.0,0.0,0.0,0.0,0.0
RC00899,0.0,0.0,0.0,0.0,0.0
RC03660,0.013063494016274583,0.013063494016274583,0.013063494014358431,0.013063494014303022,0.013063494016274583
RC00893,0.013941573637289864,0.013941573637289864,0.010400393924389746,0.01079241179901851,0.013941573637289867
RC00897,2.000000000000001e-05,2.000000000000001e-05,2.000000000000001e-05,2.000000000000001e-05,2.000000000000001e-05
RC00895,0.0,0.0,0.003541196485433962,0.003149179095808623,0.0
RC00894,0.0,0.0,0.0,0.0,0.0
RC07209,0.0,0.0,0.0,0.0,0.0
RM03856,0.0,0.0,0.0,0.0,0.0
RM03857,0.0062626741344980405,0.0062626741344980405,0.006269175385151164,0.006269363378737444,0.006262674134498035
RM03858,0.005429574134498041,0.005429574134498041,0.005436075385151164,0.005436263378737445,0.0054295741344980355
RM03524,0.0,0.0,0.0,0.0,0.0
RC00945,0.12871815381280508,0.12871815381280508,0.1268752683499186,0.12681188837126273,0.12871815381280596
RC00946,0.0059377933348417795,0.0059377933348417795,0.00593777677970444,0.0059377763009873736,0.0059377933348417795
RC00941,0.0,0.0,0.0,0.0,0.0
RC00943,0.0,0.0,0.0,0.0,0.0
EX00486,0.0,0.0,0.0,0.0,0.0
TCE0333,0.0,0.0,0.0,0.0,0.0
TCE0332,0.0,0.0,0.0,0.0,0.0
RC03302,0.0,0.0,0.0,0.0,0.0
RC04463,0.0,0.0,0.0,0.0,0.0
RC03300,0.0,0.0,0.0,0.0,0.0
TCE0338,0.0,0.0,0.0,0.0,0.0
RC00939,2.1660088062594973e-17,2.1660088062594973e-17,4.3320176125189946e-17,6.498026418778493e-17,6.498026418778493e-17
RC00306,0.0,0.0,0.0,0.0,0.0
EX04598,0.0,0.0,0.0,0.0,0.0
RC04311,0.002095433955032656,0.002095433955032656,0.0020954339861207804,0.002095433987019741,0.002095433955032656
RC03665,0.025907604558260303,0.025907604558260303,0.02590760454820842,0.025907604547917757,0.025907604558260307
RC04313,0.0,0.0,0.0,0.0,0.0
RM03293,0.0,0.0,0.0,0.0,0.0
RM03291,0.0,0.0,0.0,0.0,0.0
RC03161,0.0,0.0,0.0,0.0,0.0
RM03989,0.0,0.0,0.0,0.0,0.0
RC03664,0.002662995733199123,0.002662995733199123,0.0026629957319475495,0.0026629957319113584,0.0026629957331991234
RM03451,0.0,0.0,0.0,0.0,0.0
RCC0102,0.0015263428728738853,0.0015263428728738853,0.001518710284199142,0.0015184895762470675,0.0015263428728738908
RCC0103,0.0,0.0,0.0,0.0,0.0
RCC0101,0.000630425072645485,0.000630425072645485,0.0006152493771583914,0.0006148105487588817,0.0006304250726454962
RCC0106,0.0,0.0,0.0,0.0,0.0
RCC0107,0.0,0.0,0.0,0.0,0.0
RCC0104,0.0,0.0,0.0,0.0,0.0
RC01121,0.0001506571940293792,0.0001506571940293792,0.0001504813340934975,0.0001504762488350151,0.00015065719402937924
RC01920,0.0,0.0,0.0,0.0,0.0
RCC0108,0.0,0.0,0.0,0.0,0.0
RC01923,0.0,0.0,0.0,0.0,0.0
RC05052,0.0,0.0,0.0,0.0,0.0
RC01926,0.0,0.0,0.0,0.0,0.0
RC00417,0.0,0.0,0.0,0.0,0.0
RC00416,0.0062997435052064244,0.0062997435052064244,0.0062997434744050075,0.006299743473514338,0.0062997435052064244
RC01126,0.0,0.0,0.0,0.0,0.0
RM02300,0.0,0.0,0.0,0.0,0.0
RC00093,0.0,0.0,0.0,0.0,0.0
DMN0032,0.0,0.0,0.0,0.0,0.0
DMN0031,0.0,0.0,0.0,0.0,0.0
DMN0030,0.0,0.0,0.0,0.0,0.0
RCC0213,0.0,0.0,0.0,0.0,0.0
DMN0035,0.0,0.0,0.0,0.0,0.0
DMN0034,0.0,0.0,0.0,0.0,0.0
DMN0039,0.0,0.0,0.0,0.0,0.0
DMN0038,0.0,0.0,0.0,0.0,0.0
RCC0218,0.0,0.0,0.0,0.0,0.0
RCC0219,0.0,0.0,0.0,0.0,0.0
RC01855,0.0,0.0,0.0,0.0,0.0
RC01321,0.004453547313648452,0.004453547313648452,0.0044535473797218455,0.004453547381632459,0.004453547313648452
RC01326,0.0040650420687710275,0.0040650420687710275,0.004065042048895766,0.004065042048321042,0.0040650420687710275
EX00001,0.0,0.0,0.0,0.0,0.0
RCC0078,0.0,0.0,0.0,0.0,0.0
RCC0079,0.0007856985977799767,0.0007856985977799767,0.000720689314331084,0.0007188094716686232,0.0007856985977800241
RCC0076,7.174152096637104e-06,7.174152096637104e-06,7.165777813976071e-06,7.165535658810243e-06,7.1741520966371066e-06
EX00344,0.0,0.0,0.0,0.0,0.0
RCC0074,0.0,0.0,0.0,0.0,0.0
EX00346,0.0,0.0,0.0,0.0,0.0
RCC0072,0.0021567679455193707,0.0021567679455193707,0.002133959661357533,0.002133300125005949,0.002156767945519387
RCC0073,0.0015263428728738851,0.0015263428728738851,0.0015187102841991418,0.0015184895762470675,0.0015263428728738908
RCC0070,0.001027571081103305,0.001027571081103305,0.0009942334578203484,0.0009932694495558732,0.0010275710811033293
RCC0071,0.0021567679455193707,0.0021567679455193707,0.002133959661357533,0.002133300125005949,0.002156767945519387
RC00529,0.0,0.0,0.0,0.0,0.0
TCM0144,0.0,0.0,0.0,0.0,0.0
TCE5365,0.0,0.0,0.0,0.0,0.0
RC00527,0.0,0.0,0.0,0.0,0.0
RC00525,0.0005243353795443157,0.0005243353795443157,0.0005243353833024516,0.0005243353834111252,0.0005243353795443157
TCE0795,0.0,0.0,0.0,0.0,0.0
DGR0017,0.0008331,0.0008331,0.0008331,0.0008331,0.0008331
DGR0016,0.0008331,0.0008331,0.0008331,0.0008331,0.0008331
DGR0015,0.0008331,0.0008331,0.0008331,0.0008331,0.0008331
DGR0014,0.0008330999999999999,0.0008330999999999999,0.0008330999999999999,0.0008330999999999999,0.0008330999999999999
DGR0013,0.0008331,0.0008331,0.0008331,0.0008331,0.0008331
DGR0012,0.0027377000000000005,0.0027377000000000005,0.0027377000000000005,0.0027377000000000005,0.0027377000000000005
DGR0011,0.0027377,0.0027377,0.0027377,0.0027377,0.0027377
DGR0010,0.009974500000000002,0.009974500000000002,0.009974500000000002,0.009974500000000002,0.009974500000000002
RC06259,0.0007603833089372999,0.0007603833089372999,0.0007603833052195483,0.0007603833051120439,0.0007603833089373001
RC06258,0.0007603833089372999,0.0007603833089372999,0.0007603833052195483,0.000760383305112044,0.0007603833089373001
DGR0019,0.009691494375200001,0.009691494375200001,0.009691494375200001,0.009691494375200001,0.009691494375200001
DGR0018,0.009691494375200001,0.009691494375200001,0.009691494375200001,0.009691494375200001,0.009691494375200001
RC01218,0.0,0.0,0.0,0.0,0.0
TCE6001,0.0,0.0,0.0,0.0,0.0
TCE6002,0.0,0.0,0.0,0.0,0.0
TCM0212,0.0,0.0,-0.0035411964854339625,-0.003149179095808623,0.0
RM00216,0.0,0.0,0.0,0.0,0.0
TCM0210,0.0,0.0,0.0,0.0,0.0
TCM0216,0.0,0.0,0.0,0.0,0.0
TCM0217,0.0,0.0,0.0,0.0,0.0
RC00631,0.0,0.0,0.0,0.0,0.0
TCM0215,0.0,0.0,0.0,0.0,0.0
TCM0218,0.0,0.0,0.0,0.0,0.0
TCM0219,0.0,0.0,0.0,0.0,0.0
RC05050,0.0,0.0,0.0,0.0,0.0
EX00295,0.0,0.0,0.0,0.0,0.0
EX00294,0.0,0.0,0.0,0.0,0.0
EX00577,0.0,0.0,0.0,0.0,0.0
BIO0104,0.0,0.0,0.0,0.0,0.0
BIO0105,0.0,0.0,0.0,0.0,0.0
BIO0106,0.0,0.0,0.0,0.0,0.0
BIO0107,0.0067238205076461605,0.0067238205076461605,0.006167486622774632,0.006151399379293843,0.006723820507646567
BIO0100,0.0,0.0,0.0,0.0,0.0
BIO0101,0.0,0.0,0.0,0.0,0.0
BIO0102,0.0,0.0,0.0,0.0,0.0
BIO0103,0.06501770045872488,0.06501770045872488,0.06549029151698606,0.0655039572088086,0.06501770045872451
EX00124,0.0,0.0,0.0,0.0,0.0
EX00127,0.0,0.0,0.0,0.0,0.0
EX00121,0.0,0.0,0.0,0.0,0.0
EX00123,0.0,0.0,0.0,0.0,0.0
EX00122,0.0,0.0,0.0,0.0,0.0
RM00371,0.05848006092982402,0.05848006092982402,0.057483931811815644,0.05745512721785607,0.058480060929824836
EX00906,0.0,0.0,0.0,0.0,0.0
TCM0108,0.0,0.0,0.0,0.0,0.0
TCM0109,0.0,0.0,0.0,0.0,0.0
TCM0106,0.0,0.0,0.0,0.0,0.0
TCM0107,0.0,0.0,0.0,0.0,0.0
TCM0104,0.003940897010877359,0.003940897010877359,0.003940896960475191,0.003940896959017734,0.003940897010877359
TCM0105,0.0,0.0,0.0,0.0,0.0
TCM0101,0.0,0.0,0.0,0.0,0.0
EX00575,0.0,0.0,0.0,0.0,0.0
TCE0658,0.0,0.0,0.0,0.0,0.0
EX00212,0.0,0.0,0.0,0.0,0.0
RC02222,0.009967021774332696,0.009967021774332696,0.009929681883281931,0.00992860214333581,0.009967021774332728
EX00631,0.0,0.0,0.0,0.0,0.0
EX00632,0.0,0.0,0.0,0.0,0.0
RC09845,1.4348304193274208e-05,1.4348304193274208e-05,1.4331555627952141e-05,1.4331071317620485e-05,1.4348304193274213e-05
RC09844,2.152245628991131e-05,2.152245628991131e-05,2.1497333441928214e-05,2.1496606976430728e-05,2.152245628991132e-05
TCE5376,0.0,0.0,0.0,0.0,0.0
TCE5377,0.0,0.0,0.0,0.0,0.0
TCE5374,0.0,0.0,0.0,0.0,0.0
TCE5375,0.0,0.0,0.0,0.0,0.0
TCE5372,0.0,0.0,0.0,0.0,0.0
TCE5373,0.0,0.0,0.0,0.0,0.0
TCE5370,0.0,0.0,0.0,0.0,0.0
TCE5371,0.0,0.0,0.0,0.0,0.0
TCE5378,0.0,0.0,0.0,0.0,0.0
TCE5379,0.0,0.0,0.0,0.0,0.0
TCE0788,0.0,0.0,0.0,0.0,0.0
RM04188,0.0,0.0,0.0,0.0,0.0
TCE1309,0.0,0.0,0.0,0.0,0.0
TCE1308,0.0,0.0,0.0,0.0,0.0
TCE1307,0.0,0.0,-2.594957822721917e-18,-2.594957822721917e-18,0.0
TCE1306,0.0,0.0,0.0,0.0,0.0
TCE1305,0.0,0.0,0.0,0.0,0.0
TCE1304,0.0,0.0,0.0,0.0,0.0
TCE1303,0.0,0.0,0.0,0.0,0.0
RM00199,0.0,0.0,0.0,0.0,0.0
TCE1301,0.7303732030268305,0.7303732030268305,0.7279268879315381,0.7277855180691116,0.7303732030268304
TCE1300,0.0,0.0,0.0,0.0,0.0
EX06001,0.0,0.0,0.0,0.0,0.0
EX02076,0.0,0.0,0.0,0.0,0.0
RC02173,0.0,0.0,0.0,0.0,0.0
RC02484,0.002291694611986855,0.002291694611986855,0.00229169455510167,0.0022916945534567474,0.002291694611986855
RC02485,0.0,0.0,0.0,0.0,0.0
TCE0430,2.0000000000000005e-05,2.0000000000000005e-05,2.0000000000000005e-05,2.0000000000000005e-05,2.0000000000000005e-05
RM08505,0.0,0.0,0.0,0.0,0.0
RMC0058,0.0008331,0.0008331,0.0008331,0.0008331,0.0008331
RMC0054,0.013941573637289862,0.013941573637289862,0.006859197438955783,0.007643232703209887,0.013941573637289865
RC03018,0.0,0.0,0.0,0.0,0.0
RC02003,4.304491257982263e-05,4.304491257982263e-05,4.299466688385642e-05,4.2993213952861456e-05,4.304491257982264e-05
RM04742,0.0062626741344980405,0.0062626741344980405,0.006269175385151164,0.006269363378737445,0.006262674134498037
RC02556,0.015665155071020082,0.015665155071020082,0.01566515499177433,0.015665154989483013,0.015665155071020433
RC02557,-0.01364608915875878,-0.01364608915875878,-0.013646089185156939,-0.013646089185920486,-0.013646089158759128
RC00888,0.00013763055458281936,0.00013763055458281936,0.00013763055390990053,0.00013763055389044205,0.00013763055458281933
RM01648,0.0,0.0,0.0,0.0,0.0
RC03755,0.0,0.0,0.0,0.0,0.0
TCE5069,-2.0000000000000005e-05,-2.0000000000000005e-05,-2.0000000000000005e-05,-2.0000000000000005e-05,-2.0000000000000005e-05
RC00885,0.00698108033501852,0.00698108033501852,0.006981080300885834,0.0069810802998988356,0.00698108033501852
RC07218,0.0,0.0,0.0,0.0,0.0
TCE5066,2.0000000000000005e-05,2.0000000000000005e-05,2.0000000000000005e-05,2.0000000000000005e-05,2.0000000000000005e-05
EX02679,0.0,0.0,0.0,0.0,0.0
RC07211,0.0,0.0,0.0,0.0,0.0
RC07212,0.0,0.0,0.0,0.0,0.0
RC07213,0.0,0.0,0.0,0.0,0.0
TCE0544,0.0,0.0,0.0,0.0,0.0
RC05577,0.030783748386356505,0.030783748386356505,0.030783748375997986,0.030783748375698458,0.030783748386356512
RC03681,0.0013684857402802074,0.0013684857402802074,0.0012552562173600752,0.001251982012868917,0.0013684857402802904
RC00959,0.008375567916776917,0.008375567916776917,0.008505050745296911,0.008508794938928914,0.008375567916776894
TCE1137,0.0,0.0,0.0,0.0,0.0
EX04853,0.0,0.0,0.0,0.0,0.0
RC07387,0.0,0.0,0.0,0.0,0.0
RC03376,0.0003139413219293629,0.0003139413219293629,0.0003139413179142051,0.0003139413177981006,0.0003139413219293629
TCE0329,0.0,0.0,0.0,0.0,0.0
EX00208,0.0,0.0,0.0,0.0,0.0
RC04262,0.0,0.0,0.0,0.0,0.0
RC01054,0.0,0.0,0.0,0.0,0.0
EX04722,0.0,0.0,0.0,0.0,0.0
RC08539,0.0,0.0,0.0,0.0,0.0
RC04321,0.0,0.0,0.0,0.0,0.0
RC04323,0.001836578813333903,0.001836578813333903,0.0007972368574761613,0.0007570925658715278,0.0018365788133339034
RC04325,0.0,0.0,0.0,0.0,0.0
RC04326,0.0,0.0,0.0,0.0,0.0
RM00261,0.0,0.0,0.0,0.0,0.0
RC01051,0.0,0.0,0.0,0.0,0.0
EX05455,0.0,0.0,0.0,0.0,0.0
RC01132,0.0,0.0,0.0,0.0,0.0
RC01130,0.01884548417292802,0.01884548417292802,0.01884548414244109,0.018845484141559513,0.01884548417292802
RC01137,0.00043971815923869945,0.00043971815923869945,0.0004397182648826147,0.0004397182679374697,0.0004397181592386995
EX00178,0.0,0.0,0.0,0.0,0.0
RC01135,0.0,0.0,0.0,0.0,0.0
RC01134,0.01884548417292802,0.01884548417292802,0.01884548414244109,0.018845484141559513,0.01884548417292802
RC01138,0.0,0.0,0.0,0.0,0.0
RC04742,0.0,0.0,0.0,0.0,0.0
RC05692,0.00013763055458281936,0.00013763055458281936,0.00013763055390990053,0.00013763055389044205,0.00013763055458281933
RM03646,0.0046633237220792285,0.0046633237220792285,0.004663323724459059,0.004663323724527873,0.004663323722079225
RC03991,0.0,0.0,0.0,0.0,0.0
RM03648,0.003380112524673772,0.003380112524673772,0.0033801125263987417,0.00338011252644862,0.003380112524673769
DMN0020,0.0,0.0,0.0,0.0,0.0
DMN0021,0.0,0.0,0.0,0.0,0.0
DMN0022,0.0,0.0,0.0,0.0,0.0
DMN0023,0.0,-2.524353515727003e-16,-2.524353515727003e-16,-2.524353515727003e-16,-2.524353515727003e-16
DMN0024,0.0,0.0,0.0,0.0,0.0
DMN0025,0.0,0.0,0.0,0.0,0.0
DMN0026,0.0,0.0,0.0,0.0,0.0
DMN0027,0.0,0.0,0.0,0.0,0.0
RC00089,0.0,0.0,0.0,0.0,0.0
RMC0126,0.0,0.0,0.0,0.0,0.0
RC01863,0.0,0.0,0.0,0.0,0.0
RC09085,0.0,0.0,0.0,0.0,0.0
RC01681,0.0,0.0,0.0,0.0,0.0
RC01682,0.0,0.0,0.0,0.0,0.0
RCC0009,0.013941573637289862,0.013941573637289862,0.010400393924389744,0.01079241179901851,0.013941573637289864
RC01049,0.0022916946119868557,0.0022916946119868557,0.0022916945551016703,0.0022916945534567482,0.0022916946119868552
EX00352,0.0,0.0,0.0,0.0,0.0
RCC0001,0.0,0.0,0.0,0.0,0.0
RC01041,0.0,0.0,0.0,0.0,0.0
EX00355,0.0,0.0,0.0,0.0,0.0
TCE1297,0.0,0.0,0.0,0.0,0.0
RM00513,0.0,0.0,0.0,0.0,0.0
RC04496,7.174152096637104e-06,7.174152096637104e-06,7.165777813976071e-06,7.165535658810243e-06,7.1741520966371066e-06
DGR0004,0.027134959320800008,0.027134959320800008,0.027134959320800008,0.027134959320800008,0.027134959320800008
DGR0005,0.012921200000000002,0.012921200000000002,0.012921200000000002,0.012921200000000002,0.012921200000000002
DGR0006,0.10000000000000002,0.10000000000000002,0.10000000000000002,0.10000000000000002,0.10000000000000002
DGR0007,0.10000000000000002,0.10000000000000002,0.10000000000000002,0.10000000000000002,0.10000000000000002
DGR0001,0.5037126000000001,0.5037126000000001,0.5037126000000001,0.5037126000000001,0.5037126000000001
DGR0002,0.06360310000000002,0.06360310000000002,0.06360310000000002,0.06360310000000002,0.06360310000000002
DGR0003,0.009974500000000002,0.009974500000000002,0.009974500000000002,0.009974500000000002,0.009974500000000002
RM08759,0.0,0.0,0.0,0.0,0.0
DGR0008,0.5037126000000001,0.5037126000000001,0.5037126000000001,0.5037126000000001,0.5037126000000001
DGR0009,0.06360310000000001,0.06360310000000001,0.06360310000000001,0.06360310000000001,0.06360310000000001
RC01269,0.0,0.0,0.0,0.0,0.0
RC01268,1.320858338170503e-17,1.320858338170503e-17,2.641716676341006e-17,1.320858338170503e-17,1.320858338170503e-17
RC01262,0.0,0.0,0.0,0.0,0.0
RC01595,0.0,0.0,0.0,0.0,0.0
RC01266,0.0,0.0,0.0,0.0,0.0
EXC0152,0.0,0.0,0.0,0.0,0.0
EX00750,0.0,0.0,0.0,0.0,0.0
RM00209,0.0,0.0,0.0,0.0,0.0
EXC0159,0.0,0.0,0.0,0.0,0.0
SNK0016,0.0,0.0,0.0,0.0,0.0
SNK0014,0.0,0.0,0.0,0.0,0.0
SNK0012,0.0,0.0,0.0,0.0,0.0
SNK0013,0.0,0.0,0.0,0.0,0.0
RC01463,0.0,0.0,0.0,0.0,0.0
RC01468,0.0,0.0,0.0,0.0,0.0
EX00132,0.0,0.0,0.0,0.0,0.0
EX00133,0.0,0.0,0.0,0.0,0.0
RC01665,0.00023677131651314578,0.00023677131651314578,0.00023677137339833093,0.00023677137504325284,0.00023677131651314584
RC01664,0.0,0.0,0.0,0.0,0.0
RC01663,0.0022916946119868557,0.0022916946119868557,0.0022916945551016703,0.0022916945534567482,0.0022916946119868552
EX00137,0.0,0.0,0.0,0.0,0.0
EX00134,0.0,0.0,0.0,0.0,0.0
EX00135,0.0,0.0,0.0,0.0,0.0
RC08981,0.0,0.0,0.0,0.0,0.0
RM00342,0.2065089791820004,0.2065089791820004,0.20506572868479125,0.20499372449622463,0.20650897918200053
RM00344,0.0,0.0,0.0,0.0,0.0
TCM0173,0.0,0.0,0.0,0.0,0.0
TCM0172,0.0,0.0,0.0,0.0,0.0
TCM0171,0.0,0.0,0.0,0.0,0.0
TCM0170,0.0,0.0,0.0,0.0,0.0
TCM0177,0.0,0.0,0.0,0.0,0.0
TCM0176,-7.174152096637105e-06,-7.174152096637105e-06,-7.165777813976072e-06,-7.165535658810241e-06,-7.174152096637106e-06
TCM0175,0.0,0.0,0.0,0.0,0.0
TCM0174,0.0,0.0,0.0,0.0,0.0
BIO0005,0.0023570957933399302,0.0023570957933399302,0.002162067942993252,0.00215642841500587,0.002357095793340073
BIO0004,0.0013529789515036904,0.0013529789515036904,0.0013529792765618913,0.001352979285961445,0.0013529789515036906
BIO0007,0.002095433955032656,0.002095433955032656,0.0020954339861207804,0.002095433987019741,0.002095433955032656
BIO0006,0.018727737973033017,0.018727737973033017,0.018727738250880116,0.018727738258914488,0.018727737973033017
BIO0001,0.09546992019979585,0.09546992019979585,0.09546992024851693,0.09546992024992573,0.09546992019979576
BIO0003,0.0156396177327865,0.0156396177327865,0.01563961761973331,0.0156396176164642,0.015639617732786496
BIO0002,0.33368487245908934,0.33368487245908934,0.33368487271089425,0.3336848727181756,0.33368487245908945
BIO0009,0.004858120528867607,0.004858120528867607,0.004858120505114738,0.004858120504427886,0.004858120528867607
BIO0008,0.010754970667504932,0.010754970667504932,0.010754970827067042,0.010754970831681024,0.010754970667504932
EX01717,0.0,0.0,0.0,0.0,0.0
EX01083,0.0,0.0,0.0,0.0,0.0
TCE0745,0.0,0.0,0.0,0.0,0.0
TCE5093,0.0,0.0,0.0,0.0,0.0
TCE5092,0.0,0.0,0.0,0.0,0.0
RM04807,0.0,0.0,0.0,0.0,0.0
TCE5097,0.0,0.0,0.0,0.0,0.0
TCE5096,0.0,0.0,0.0,0.0,0.0
RMC0119,0.006101304385181108,0.006101304385181108,0.00617051565140206,0.006172517000810369,0.0061013043851810556
RMC0118,0.0,0.0,0.0,0.0,0.0
RMC0117,0.0,0.0,0.0,0.0,0.0
RMC0116,0.0,0.0,0.0,0.0,0.0
RMC0115,0.005429574134498041,0.005429574134498041,0.005436075385151165,0.005436263378737446,0.005429574134498036
RMC0114,0.0,0.0,0.0,0.0,0.0
RMC0113,0.0,0.0,0.0,0.0,0.0
RMC0112,0.0,0.0,0.0,0.0,0.0
RMC0111,0.0,0.0,0.0,0.0,0.0
RMC0110,0.0,0.0,0.0,0.0,0.0
TCE5303,0.0,0.0,0.0,0.0,0.0
TCE5302,0.0,0.0,0.0,0.0,0.0
TCE5301,0.0,0.0,0.0,0.0,0.0
TCE5300,0.0,0.0,0.0,0.0,0.0
RC02367,0.0,0.0,0.0,0.0,0.0
TCE5306,0.0,0.0,0.0,0.0,0.0
TCE5305,0.0,0.0,0.0,0.0,0.0
RC02364,0.0,0.0,0.0,0.0,0.0
TCE5309,0.0,0.0,0.0,0.0,0.0
TCE5308,0.0,0.0,0.0,0.0,0.0
EX01888,0.0,0.0,0.0,0.0,0.0
EX01885,0.0,0.0,0.0,0.0,0.0
EX05984,0.0,0.0,0.0,0.0,0.0
TCE0474,0.0,0.0,0.0,0.0,0.0
TCM0195,0.0,0.0,0.0,0.0,0.0
TCE1310,-0.4532997080921901,-0.4532997080921901,-0.44842841291045954,-0.4482371013122452,-0.45329970809219444
TCE1311,0.0,0.0,0.0,0.0,0.0
TCE1312,0.0,0.0,0.0,0.0,0.0
RM00833,0.019869253187996476,0.019869253187996476,0.01986925309788136,0.019869253095275558,0.01986925318799648
RC02103,0.0345106392439481,0.0345106392439481,0.03451063913421542,0.03451063913104253,0.03451063924394845
RC02102,0.0022916946119868557,0.0022916946119868557,0.00229169455510167,0.002291694553456748,0.0022916946119868552
RC02101,0.0,0.0,0.0,0.0,0.0
RC02100,0.0,0.0,0.0,0.0,0.0
RC02107,0.0,0.0,0.0,0.0,0.0
RMC0028,0.0,0.0,0.0,0.0,0.0
RMC0023,0.0,0.0,0.0,0.0,0.0
RMC0027,0.0,0.0,0.0,0.0,0.0
RMC0026,0.0,0.0,0.0,0.0,0.0
RMC0024,0.0,0.0,0.0,0.0,0.0
RM00239,0.0,0.0,0.0,0.0,0.0
RC05979,0.0007603833089372999,0.0007603833089372999,0.0007603833052195483,0.0007603833051120438,0.0007603833089373
TCE0687,0.0,0.0,0.0,0.0,0.0
RC05973,0.0007603833089372999,0.0007603833089372999,0.0007603833052195483,0.0007603833051120438,0.0007603833089373
RC05972,0.0007603833089372999,0.0007603833089372999,0.0007603833052195483,0.0007603833051120438,0.0007603833089373
TCE5415,0.0,0.0,0.0,0.0,0.0
RC05970,0.0007603833089372999,0.0007603833089372999,0.0007603833052195483,0.0007603833051120438,0.0007603833089373001
RC07041,0.0,0.0,0.0,0.0,0.0
RC05976,0.0007603833089372999,0.0007603833089372999,0.0007603833052195483,0.0007603833051120437,0.0007603833089372999
TCE5411,0.0,0.0,0.0,0.0,0.0
TCE5410,0.0,0.0,0.0,0.0,0.0
RC03219,0.003626955688947996,0.003626955688947996,0.0036269556425609856,0.0036269556412196332,0.0036269556889479957
RC03749,0.0,0.0,0.0,0.0,0.0
EX00330,0.0,0.0,0.0,0.0,0.0
RM01655,-0.12514127467084152,-0.12514127467084152,-0.12329840576766632,-0.12323502626785975,-0.12514127467084238
RC02619,0.013941573637289864,0.013941573637289864,0.010400393924389746,0.010792411799018511,0.013941573637289869
RM02050,0.0020190659122613017,0.0020190659122613017,0.0020190658066173857,0.002019065803562531,0.0020190659122613017
RM02055,0.0,0.0,0.0,0.0,0.0
RC03361,0.0,0.0,0.0,0.0,0.0
RC03362,0.0,0.0,0.0,0.0,0.0
RC03363,0.0,0.0,0.0,0.0,0.0
RC04404,0.0,0.0,0.0,0.0,0.0
RC05802,0.0,0.0,0.0,0.0,0.0
TCE0352,0.0,0.0,0.0,0.0,0.0
RC00328,0.0,0.0,0.0,0.0,0.0
RC00987,0.0,0.0,0.0004498118781665942,0.0002662003628705921,0.0
RC00988,0.0018365788133339028,0.0018365788133339028,0.0013867669359831207,0.0015703784513027143,0.0018365788133339034
RC04620,0.0,0.0,0.0,0.0,0.0
RC08183,0.0,0.0,0.0,0.0,0.0
RC03181,0.000954543305722707,0.000954543305722707,0.0009545433123276634,0.0009545433125186603,0.0009545433057227163
RC00188,0.0,0.0,0.0,0.0,0.0
RC01123,4.304491257982264e-05,4.304491257982264e-05,4.299466688385643e-05,4.2993213952861456e-05,4.304491257982264e-05
RM02301,0.0,0.0,0.0,0.0,0.0
RC01127,0.0,0.0,0.0,0.0,0.0
RC00181,0.0,0.0,0.0,0.0,0.0
RC00183,0.0001198087412403583,0.0001198087412403583,0.00011982531573909658,0.00011982579501622913,0.00011980874124070325
RC00185,0.0,0.0,0.0,0.0,0.0
TCE5346,0.0,0.0,0.0,0.0,0.0
RC00431,0.016527736716335156,0.016527736716335156,0.01652773679748291,0.016527736799829842,0.016527736716335326
EX15519,0.0,0.0,0.0,0.0,0.0
RC00434,0.0,0.0,0.0,0.0,0.0
RM03650,0.0008272468585312311,0.0008272468585312311,0.0008272468589533992,0.0008272468589656067,0.0008272468585312305
RM03651,0.0035986431720111053,0.0035986431720111053,0.0035986431738475977,0.003598643173900701,0.003598643172011102
RM03656,0.005081959322155332,0.005081959322155332,0.005081959324748804,0.005081959324823796,0.005081959322155328
RM03657,0.00783340242231345,0.00783340242231345,0.007833402426311064,0.007833402426426658,0.007833402422313443
RM03654,0.009033172909464282,0.009033172909464282,0.009033172914074173,0.009033172914207471,0.009033172909464274
RM03655,0.001701273977960362,0.001701273977960362,0.0017012739788285717,0.0017012739788536766,0.0017012739779603606
RM03658,0.0068377466245497795,0.0068377466245497795,0.00683774662803928,0.006837746628140182,0.0068377466245497735
RM03659,0.0019531236274474234,0.0019531236274474234,0.0019531236284441595,0.0019531236284729807,0.001953123627447422
SNK1002,0.0,0.0,0.0,0.0,0.0
SNK1003,0.0,0.0,0.0,0.0,0.0
DMN0018,0.0,0.0,0.0,0.0,0.0
DMN0015,0.0,0.0,0.0,0.0,0.0
DMN0017,0.0,0.0,0.0,0.0,0.0
RC01878,0.008968954747070507,0.008968954747070507,0.008968954772894796,0.008968954773641548,0.008968954747070509
RC01876,0.018041003547513316,0.018041003547513316,0.018041003607770178,0.018041003609512666,0.01804100354751346
RC01870,0.0,0.0,0.0,0.0,0.0
RCC0018,0.0,0.0,0.0,0.0,0.0
RCC0019,0.06373894295796005,0.06373894295796005,0.06283929887153966,0.06281328428954523,0.06373894295796077
RC00507,0.0,0.0,0.0,0.0,0.0
RCC0010,0.0,0.0,0.0,0.0,0.0
RC01055,0.0,0.0,0.0,0.0,0.0
RC01056,0.033271388178142174,0.033271388178142174,0.033271388253511044,0.03327138825569062,0.0332713881781425
RC01057,0.05053257687920011,0.05053257687920011,0.05053257693536824,0.050532576936992674,0.050532576879200604
RC00509,0.0,0.0,0.0,0.0,0.0
RC00508,0.0,0.0,0.0,0.0,0.0
RC05578,0.03104540805204415,0.03104540805204415,0.03104540804171066,0.031045408041411857,0.03104540805204416
TCM1291,-0.002675883861865052,-0.002675883861865052,-0.0026758837654155924,-0.0026758837626266073,-0.002675883861865055
TCM1290,-0.12278036047796327,-0.12278036047796327,-0.1209374915702141,-0.12087411207027532,-0.12278036047796412
TCM1292,4.313596167335126,4.313596167335127,4.30680215617226,4.307090023327845,4.313596167335128
RC01903,0.0,0.0,0.0,0.0,0.0
RC01904,0.0,0.0,0.0,0.0,0.0
RC01905,0.0,0.0,0.0,0.0,0.0
RC01909,2.000000000000001e-05,2.000000000000001e-05,2.000000000000001e-05,2.000000000000001e-05,2.000000000000001e-05
EXC0181,0.0,0.0,0.0,0.0,0.0
RC01274,0.0,0.0,0.0,0.0,0.0
EXC0141,0.0,0.0,0.0,0.0,0.0
EXC0142,0.0,0.0,0.0,0.0,0.0
RC00619,0.0,0.0,0.0,0.0,0.0
RM00238,-0.013020583078437913,-0.013020583078437913,-0.012010726521214174,-0.01197143484491819,-0.013020583078437911
RM04203,0.0034868396211244967,0.0034868396211244967,0.003486839623223858,0.003486839623284567,0.0034868396211244997
RM04204,0.0034868396211244963,0.0034868396211244963,0.003486839623223858,0.003486839623284567,0.0034868396211244993
SNK0069,0.0,0.0,0.0,0.0,0.0
RCC0109,0.0,0.0,0.0,0.0,0.0
RC01470,0.009691494375200001,0.009691494375200001,0.009691494375200001,0.009691494375200001,0.009691494375200001
RM00355,-0.1552304018784749,-0.1552304018784749,-0.15454752458657486,-0.1545176880148447,-0.15523040187847587
RM00351,0.051278577303525516,0.051278577303525516,0.05051820409821642,0.05047603648137996,0.05127857730352467
EX01419,0.0,0.0,0.0,0.0,0.0
EX02470,0.0,0.0,0.0,0.0,0.0
TCE5343,0.0,0.0,0.0,0.0,0.0
TCM0168,0.0,0.0,0.0,0.0,0.0
TCM0169,0.0,0.0,0.0,0.0,0.0
EX00385,0.0,0.0,0.0,0.0,0.0
EX00387,0.0,0.0,0.0,0.0,0.0
EX00438,0.0,0.0,0.0,0.0,0.0
TCM0160,0.0,0.0,0.0,0.0,0.0
TCM0161,0.0,0.0,0.0,0.0,0.0
TCM0162,0.0,0.0,0.0,0.0,0.0
TCM0163,0.0,0.0,0.0,0.0,0.0
TCM0165,0.0,0.0,0.0,0.0,0.0
TCM0167,0.0,0.0,0.0,0.0,0.0
BIO0012,0.0007856985977799767,0.0007856985977799767,0.000720689314331084,0.0007188094716686232,0.0007856985977800241
BIO0013,0.0007856985977799767,0.0007856985977799767,0.000720689314331084,0.0007188094716686233,0.0007856985977800241
BIO0010,0.07174152096637101,0.07174152096637101,0.07165777813976068,0.07165535658810243,0.07174152096637107
BIO0011,0.0078039680409015925,0.0078039680409015925,0.0078039681566822545,0.007803968160030228,0.0078039680409015925
BIO0014,0.002095433955032656,0.002095433955032656,0.0020954339861207804,0.0020954339870197405,0.002095433955032656
BIO0015,7.174152096637104e-06,7.174152096637104e-06,7.165777813976071e-06,7.165535658810243e-06,7.1741520966371066e-06
EX17339,0.0,0.0,0.0,0.0,0.0
EX01013,0.0,0.0,0.0,0.0,0.0
EX17337,0.0,0.0,0.0,0.0,0.0
EX00354,0.0,0.0,0.0,0.0,0.0
EX00655,0.0,0.0,0.0,0.0,0.0
EX00166,0.0,0.0,0.0,0.0,0.0
RC02778,0.00019643641613088263,0.00019643641613088263,0.00018018312168436088,0.00017971313286606962,0.00019643641613089447
EX00439,0.0,0.0,0.0,0.0,0.0
TCE5080,0.0,0.0,0.0,0.0,0.0
EX00437,0.0,0.0,0.0,0.0,0.0
RM02918,0.0025616488988009223,0.0025616488988009223,0.002561648900108206,0.002561648900146007,0.00256164889880092
TCE5083,0.0,0.0,0.0,0.0,0.0
RMC0108,0.0,0.0,0.0,0.0,0.0
RMC0109,0.0,0.0,0.0,0.0,0.0
TCE5086,0.0,0.0,0.0,0.0,0.0
EX00388,0.0,0.0,0.0,0.0,0.0
RMC0104,0.0,0.0,0.0,0.0,0.0
RMC0105,0.0,0.0,0.0,0.0,0.0
RMC0106,0.0017867409107330604,0.0017867409107330604,0.00178676255882167,0.0017867631848091966,0.0017867409107330604
RMC0107,0.007888045295914168,0.007888045295914168,0.007957278210223729,0.007959280185619566,0.007888045295914118
RMC0100,0.0,0.0,0.0,0.0,0.0
RMC0103,0.0,0.0,0.0,0.0,0.0
TCE5310,0.0,0.0,0.0,0.0,0.0
TCE5311,0.0,0.0,3.662682803478913e-19,0.0,0.0
TCE5312,0.0,0.0,0.0,0.0,0.0
TCE5313,0.0,0.0,0.0,0.0,0.0
TCE5314,0.0,0.0,0.0,0.0,0.0
TCE5315,0.0,0.0,0.0,0.0,0.0
TCE5316,0.0,0.0,0.0,0.0,0.0
TCE5317,0.0,0.0,0.0,0.0,0.0
TCE5318,0.0,0.0,0.0,0.0,0.0
TCE5319,0.0,0.0,0.0,0.0,0.0
RC02976,0.0,0.0,0.0,0.0,0.0
RC02110,0.0013684857402802076,0.0013684857402802076,0.0012552562173600752,0.0012519820128689173,0.0013684857402802904
RC02978,0.0008556332013946898,0.0008556332013946898,0.0008556332140889729,0.0008556332144560473,0.0008556332013946898
TCE5504,0.0,0.0,0.0,0.0,0.0
EX01879,0.0,0.0,0.0,0.0,0.0
EX05828,0.0,0.0,0.0,0.0,0.0
DMN0033,0.0,0.0,0.0,0.0,0.0
EX00095,0.0,0.0,0.0,0.0,0.0
EX05356,0.0,0.0,0.0,0.0,0.0
RC05969,0.0007603833089372998,0.0007603833089372998,0.0007603833052195482,0.0007603833051120437,0.0007603833089372999
TCE5408,0.0,0.0,0.0,0.0,0.0
TCE5409,0.0002774000000000001,0.00027740000000025145,0.00027740000000025145,0.00027740000000025145,0.00027740000000025145
RM01248,0.0,0.0,0.0,0.0,0.0
TCE5404,0.0,0.0,0.0,0.0,0.0
TCE5405,-1.320858338170503e-17,-1.320858338170503e-17,-2.641716676341006e-17,-1.320858338170503e-17,-1.320858338170503e-17
RC07050,0.0,0.0,0.0,0.0,0.0
TCE5407,0.0,0.0,0.0,0.0,0.0
TCE5400,0.0,0.0,0.0,0.0,0.0
RC02577,0.0,0.0,0.0,0.0,0.0
TCE5402,0.0,0.0,0.0,0.0,0.0
TCE5403,0.0,0.0,0.0,0.0,0.0
RM01465,-0.05848006092982403,-0.05848006092982403,-0.05748393181181565,-0.057455127217856075,-0.05848006092982484
RCC0210,0.0,0.0,0.0,0.0,0.0
RCC0211,0.0,0.0,0.0,0.0,0.0
TCE0342,0.11228886614040051,0.11228886614040051,0.11292836610801339,0.11293676809324686,0.112288866140399
RC03421,0.0,0.0,0.0,0.0,0.0
RC03646,0.016565058029194817,0.016565058029194817,0.016565058008902636,0.016565058008315856,0.016565058029194817
RC00332,0.0036518976594588455,0.0036518976594588455,0.003651897633060587,0.00365189763229724,0.003651897659458844
RC00330,0.32046813643168603,0.32046813643168603,0.3207171047712942,0.3207243040708649,0.32046813643168626
RM00751,0.05799797554578937,0.05799797554578937,0.0570018464398048,0.05697304184619291,0.057997975545790184
RC00335,0.0,0.0,0.0,0.0,0.0
RC04184,0.0,0.0,0.0,0.0,0.0
RC01857,0.00023677131651314578,0.00023677131651314578,0.00023677137339833096,0.00023677137504325284,0.0002367713165131458
RC04183,0.0,0.0,0.0,0.0,0.0
RC08198,0.0,0.0,0.0,0.0,0.0
RC08193,0.0062997435052064244,0.0062997435052064244,0.0062997434744050075,0.006299743473514338,0.0062997435052064244
RC00426,0.0,0.0,0.0,0.0,0.0
RC00424,0.0,0.0,0.0,0.0,0.0
RM01939,0.0,0.0,0.0,0.0,0.0
RM02313,0.0,0.0,0.0,0.0,0.0
RM01931,0.0,0.0,0.0,0.0,0.0
RM03225,0.0,0.0,0.0,0.0,0.0
EX00266,0.0,0.0,0.0,0.0,0.0
RC04293,0.0,0.0,0.0,0.0,0.0
DMN0008,0.0,0.0,0.0,0.0,0.0
RCC0174,0.016773057751208156,0.016773057751208156,0.01677305753668885,0.016773057530485695,0.016773057751208152
DMN0002,0.0,0.0,0.0,0.0,0.0
EX00262,0.0,0.0,0.0,0.0,0.0
DMN0001,2.000000000000001e-05,2.000000000000001e-05,2.000000000000001e-05,2.000000000000001e-05,2.000000000000001e-05
DMN0006,0.0,0.0,0.0,0.0,0.0
DMN0007,0.0,0.0,0.0,0.0,0.0
DMN0005,0.0,0.0,0.0,0.0,0.0
RCC0021,0.004503977371108383,0.004503977371108383,0.004503977437929963,0.004503977439862211,0.004503977371108383
RCC0020,0.0038962790733467257,0.0038962790733467257,0.0037997936036980994,0.0037970035790657686,0.0038962790733468072
RCC0022,0.0,0.0,0.0,0.0,0.0
RC01802,0.0001687777546851549,0.0001687777546851549,0.0001687777571891631,0.0001687777572615703,0.0001687777546851549
RC01801,0.0001688100195971574,0.0001688100195971574,0.0001688100221016443,0.00016881002217406535,0.0001688100195971574
RCC0029,0.0,0.0,0.0,0.0,0.0
RC00512,0.0031385708771609097,0.0031385708771609097,0.003138571013403061,0.003138571017342711,0.00313857087716091
RC00513,0.0,0.0,0.0,0.0,0.0
TCM1284,-0.1440143829596659,-0.1440143829596659,-0.1443708475346063,-0.14438115525190673,-0.14401438295966687
RC00511,0.008968954747070506,0.008968954747070506,0.008968954772894796,0.008968954773641546,0.008968954747070509
TCM1282,0.13444760944634335,0.13444760944634335,0.13022353561470162,0.13058571643102604,0.1334930661406214
TCM1283,0.014150719430412208,0.014150719430412208,0.014226453595374895,0.014228643564357012,0.014150719430412151
TCM1280,-0.004285541689900312,-0.004285541689900312,-0.00428552495093012,-0.004285524466897181,-0.00428554168990029
TCM1281,0.0,0.0,0.0,0.0,0.0
RC01061,0.1323087348527874,0.1323087348527874,0.1326652161523128,0.13267552435322977,0.1323087348527882
TCM5048,0.0,0.0,0.0,0.0,0.0
EX18125,0.0,0.0,0.0,0.0,0.0
TCM1288,0.20472561060829436,0.20472561060829436,0.20632143847695578,0.20637767440816232,0.20472561060829583
RC01066,0.008621521048496313,0.008621521048496313,0.00862152072343811,0.008621520714038558,0.008621521048496311
EX00546,0.0,0.0,0.0,0.0,0.0
EX00156,0.0,0.0,0.0,0.0,0.0
RC00192,0.01352628041751842,0.01352628041751842,0.013526263869417842,0.013526263390904254,0.013526280417518424
RCC0179,0.0,0.0,0.0,0.0,0.0
RC00190,0.0,0.0,0.0,0.0,0.0
RC00191,0.0,0.0,0.0,0.0,0.0
RC00199,0.020746415327190175,0.020746415327190175,0.020746415360753827,0.020746415361724314,0.020746415327190158
TCM0084,0.0,0.0,0.0,0.0,0.0
DGR0028,0.0135796,0.0135796,0.0135796,0.0135796,0.0135796
DGR0029,0.0,0.0,0.0,0.0,0.0
RC06262,0.0007603833089372999,0.0007603833089372999,0.0007603833052195483,0.0007603833051120439,0.0007603833089373001
RC06263,0.0007603833089372999,0.0007603833089372999,0.0007603833052195484,0.0007603833051120439,0.0007603833089373
RC06260,0.0007603833089372999,0.0007603833089372999,0.0007603833052195483,0.0007603833051120439,0.0007603833089373001
RC06261,0.0007603833089372999,0.0007603833089372999,0.0007603833052195483,0.0007603833051120439,0.0007603833089373001
DGR0022,0.0006462796604000002,0.0006462796604000002,0.0006462796604000002,0.0006462796604000002,0.0006462796604000002
DGR0023,0.0006462796604000002,0.0006462796604000002,0.0006462796604000002,0.0006462796604000002,0.0006462796604000002
RC06264,0.0007603833089372999,0.0007603833089372999,0.0007603833052195483,0.0007603833051120438,0.0007603833089373
DGR0021,0.002969395129600001,0.002969395129600001,0.002969395129600001,0.002969395129600001,0.002969395129600001
EXC0174,0.0,0.0,0.0,0.0,0.0
RC00602,0.0,0.0,0.0,0.0,0.0
SNK0070,0.0,0.0,0.0,0.0,0.0
SNK0071,0.0,0.0,0.0,0.0,0.0
SNK0074,0.0,0.0,0.0,0.0,0.0
EXC0050,-0.1,-0.1,-0.1,-0.1,-0.1
RC04996,0.0,0.0,0.0,0.0,0.0
RC01481,0.0,0.0,0.0,0.0,0.0
RC01641,-0.01663569408907109,-0.01663569408907109,-0.016635694126755526,-0.016635694127845314,-0.016635694089071257
TCM0154,0.0,0.0,0.0,0.0,0.0
TCM0156,0.0,0.0,0.0,0.0,0.0
TCM0151,0.0,0.0,0.0,0.0,0.0
TCM0150,0.0,0.0,0.0,0.0,0.0
TCM0153,0.0,0.0,0.0,0.0,0.0
RM07411,0.0,0.0,0.0,0.0,0.0
RM07412,0.0,0.0,0.0,0.0,0.0
EX00429,0.0,0.0,0.0,0.0,0.0
EX00398,0.0,0.0,0.0,0.0,0.0
EX00427,0.0,0.0,0.0,0.0,0.0
EX00422,0.0,0.0,0.0,0.0,0.0
RC00966,0.0,0.0,0.0,0.0,0.0
TCE5082,0.0,0.0,0.0,0.0,0.0
EX05697,0.0,0.0,0.0,0.0,0.0
TCE5084,-2.1660088062594976e-17,-2.1660088062594976e-17,-4.332017612518995e-17,-6.498026418778493e-17,-6.498026418778493e-17
EX00642,0.0,0.0,0.0,0.0,0.0
EX00643,0.0,0.0,0.0,0.0,0.0
TCE5085,0.0,0.0,0.0,0.0,0.0
RC02749,0.008621521048496313,0.008621521048496313,0.008621520723438112,0.008621520714038558,0.008621521048496311
RC02748,0.015665155071020082,0.015665155071020082,0.015665154991774326,0.015665154989483013,0.01566515507102043
RC02740,0.00801035374596088,0.00801035374596088,0.008156089866423388,0.008160304048801274,0.008010353745960845
RC02743,0.0,0.0,0.0,0.0,0.0
RC02297,0.018845484172928015,0.018845484172928015,0.018845484142441086,0.018845484141559513,0.018845484172928015
EX06232,0.0006250000000000002,0.0006250000000000002,0.0006250000000000002,0.0006250000000000002,0.0006250000000000002
RC02295,0.0,0.0,0.0,0.0,0.0
RC02746,0.0,0.0,0.0,0.0,0.0
TCM5095,0.14903001244117894,0.14903001244117894,0.14834713514611467,0.14831729857429302,0.14903001244117992
RMC0133,0.00758848708267664,0.00758848708267664,0.0075884870897134004,0.007588487089916881,0.007588487082676644
RMC0132,7.174152096637103e-06,7.174152096637103e-06,7.165777813976071e-06,7.165535658810242e-06,7.174152096637106e-06
TCE0591,0.0,0.0,0.0,0.0,0.0
EX00239,0.0,0.0,0.0,0.0,0.0
TCE5329,0.0,0.0,0.0,0.0,0.0
TCE5328,0.0,0.0,0.0,0.0,0.0
TCE0758,0.0,0.0,0.0,0.0,0.0
TCE5325,-1.3424079789592997e-18,-1.3424079789592997e-18,4.027223936877899e-19,-1.3424079789592997e-19,0.0
TCE5324,0.0,0.0,0.0,0.0,0.0
TCE5327,0.0,0.0,0.0,0.0,0.0
TCE5326,0.0,0.0,0.0,0.0,0.0
TCE5321,0.0,0.0,0.0,0.0,0.0
TCE5320,0.0,0.0,0.0,0.0,0.0
TCE5323,0.0,0.0,0.0,0.0,0.0
TCE5322,0.0,0.0,0.0,0.0,0.0
RM10151,0.0,0.0,0.003541196485433962,0.003149179095808623,0.0
EX00238,0.0,0.0,0.0,0.0,0.0
RC02902,0.0,0.0,0.0,0.0,0.0
RC02908,0.0,0.0,0.0,0.0,0.0
RMC0005,0.0,0.0,0.0,0.0,0.0
RMC0004,4.229729847979538,4.229729847979537,4.2272530884841375,4.2272016494677,4.229729847979537
RMC0007,0.0,0.0,0.0,0.0,0.0
RMC0006,1.1595285534499173,1.1595285534499173,1.1605933859747022,1.1605535463052028,1.1595285534499178
RMC0001,0.051278577303525516,0.051278577303525516,0.05051820409821641,0.05047603648137995,0.051278577303524676
RMC0003,0.37329582632831115,0.37329582632831115,0.3732484328151082,0.3732268820943784,0.37329582632831215
RMC0009,0.0,0.0,0.0,0.0,0.0
RMC0008,0.0,0.0,0.0,0.0,0.0
RM01492,0.0,0.0,0.0,0.0,0.0
RM01251,0.006803812271463826,0.006803812271463826,0.006803812177120969,0.006803812174392901,0.0068038122714638265
RM01253,0.0,0.0,0.0,0.0,0.0
EX02642,0.0,0.0,0.0,0.0,0.0
RC03720,0.0,0.0,0.0,0.0,0.0
EX01179,0.0,0.0,0.0,0.0,0.0
EX00197,0.0,0.0,0.0,0.0,0.0
TCE0374,0.0,0.0,0.0,0.0,0.0
TCE0376,0.0,0.0,0.0,0.0,0.0
TCE0370,0.0,0.0,0.0,0.0,0.0
TCE1202,0.0,0.0,0.0,0.0,0.0
TCE0379,0.0,0.0,0.0,0.0,0.0
TCE5505,0.1749289294555793,0.17492892945558203,0.17828666315380245,0.17838375714900814,0.17492892945557956
RC02124,0.0,0.0,0.0,0.0,0.0
RC03348,0.0,0.0,0.0,0.0,0.0
TCE0574,0.0,0.0,0.0,0.0,0.0
TCE5501,0.0,0.0,0.0,0.0,0.0
RM02678,0.0,0.0,0.0,0.0,0.0
RC03435,0.0,0.0,0.0,0.0,0.0
RC04420,0.0,0.0,0.0,0.0,0.0
RC03430,0.0,0.0,0.0,0.0,0.0
RC03433,0.0,0.0,0.0,0.0,0.0
RC03654,0.03478339944623607,0.03478339944623607,0.03478339933893716,0.03478339933583445,0.03478339944623607
RC03655,0.006696651926295323,0.006696651926295323,0.006696651921668977,0.0066966519215351985,0.006696651926295324
RC03656,0.018792869488720176,0.018792869488720176,0.018792869484027343,0.018792869483891642,0.01879286948872018
RC03657,0.02832261647425454,0.02832261647425454,0.02832261647297872,0.02832261647294183,0.028322616474254544
RC03650,0.001430389132462271,0.001430389132462271,0.0014303891151083356,0.0014303891146065198,0.001430389132462271
RC03652,0.011066378592032564,0.011066378592032564,0.011066378568836813,0.011066378568166075,0.011066378592032565
TCM5058,0.0,0.0,0.0,0.0,0.0
TCM5057,0.0,0.0,0.0,0.0,0.0
RCC0230,0.0,0.0,0.0,0.0,0.0
TCM5055,0.0,0.0,0.0,0.0,0.0
TCM5054,0.0,0.0,0.0,0.0,0.0
RC03658,0.02821865750405022,0.02821865750405022,0.02821865750056072,0.028218657500459817,0.028218657504050223
RC03659,0.004932570850875936,0.004932570850875936,0.004932570842842441,0.0049325708426101395,0.004932570850875936
TCM5051,0.0,0.0,0.0,0.0,0.0
RCC0231,0.0,0.0,0.0,0.0,0.0
DMN0057,0.0,0.0,0.0,0.0,0.0
EX02737,0.0,0.0,0.0,0.0,0.0
RM00709,0.2443780971527482,0.2443780971527482,0.2461735724422383,0.2462154012184091,0.2443780971527481
TCM0214,0.0,0.0,0.0,0.0,0.0
EX05122,0.0,0.0,0.0,0.0,0.0
RC04513,0.0,0.0,0.0,0.0,0.0
EX00469,0.0,0.0,0.0,0.0,0.0
RM05373,0.0,0.0,0.0,0.0,0.0
RC08723,0.0,0.0,0.0,0.0,0.0
RC00851,0.007972702775704077,0.007972702775704077,0.007972702893988107,0.007972702897408472,0.007972702775704077
RC01108,0.0,0.0,0.0,0.0,0.0
RC01103,0.0,0.0,0.0,0.0,0.0
RC01100,0.0,0.0,0.0,0.0,0.0
RC01101,0.0,0.0,0.0,0.0,0.0
EX05127,0.0,0.0,0.0,0.0,0.0
RC00291,0.0,0.0,0.0,0.0,0.0
RC00293,0.0,0.0,0.0,0.0,0.0
RC04779,0.03413295104759582,0.03413295104759582,0.0342786872375749,0.03428290142196307,0.03413295104759602
RC02055,0.0,0.0,0.0,0.0,0.0
TCM0196,0.0,0.0,0.0,0.0,0.0
RC04770,0.0,0.0,0.0,0.0,0.0
RC04286,0.0,0.0,0.0,0.0,0.0
TCM1071,0.0,0.0,0.0,0.0,0.0
EX00299,0.0,0.0,0.0,0.0,0.0
RC02059,0.0,0.0,0.0,0.0,0.0
TCM1073,0.0,0.0,0.0,0.0,0.0
RCC0250,0.0,0.0,0.0,0.0,0.0
RC00366,0.0,0.0,0.0,0.0,0.0
RM02529,0.0,0.0,0.0,0.0,0.0
EX15520,0.0,0.0,0.0,0.0,0.0
RCC0032,2.1522456289911313e-05,2.1522456289911313e-05,2.1497333441928214e-05,2.1496606976430728e-05,2.152245628991132e-05
RC01819,-0.002916038266247493,-0.002916038266247493,-0.0029160382519900683,-0.0029160382515777935,-0.002916038266247493
RCC0030,0.0,0.0,0.0,0.0,0.0
RCC0031,0.0,0.0,0.0,0.0,0.0
RC01072,0.0,0.0,0.0,0.0,0.0
RCC0037,0.0007603833089372999,0.0007603833089372999,0.0007603833052195483,0.0007603833051120438,0.0007603833089372999
RC01070,0.03413295104759582,0.03413295104759582,0.0342786872375749,0.03428290142196307,0.034132951047596026
RCC0038,0.0006236709391344368,0.0006236709391344368,0.0006236709360851146,0.0006236709359969387,0.0006236709391344367
RCC0039,0.00039983789388739065,0.00039983789388739065,0.00039983789193245834,0.0003998378918759283,0.0003998378938873906
RC01814,0.0,0.0,0.0,0.0,0.0
RC01815,0.0,0.0,0.0,0.0,0.0
RC01816,0.0018365788133339032,0.0018365788133339032,0.0007972368574761613,0.0007570925658715279,0.0018365788133339034
RC05556,0.0,0.0,0.0,0.0,0.0
RC00078,3.5870760483185507e-06,3.5870760483185507e-06,3.582888906988035e-06,3.5827678294051205e-06,3.5870760483185524e-06
RM00781,0.0,0.0,0.0,0.0,0.0
EX00232,0.0,0.0,0.0,0.0,0.0
DMN0100,0.0,0.0,0.0,0.0,0.0
RC01252,0.0,0.0,0.0,0.0,0.0
RM08781,0.0,0.0,0.0,0.0,0.0
EX00099,0.0,0.0,0.0,0.0,0.0
RM04224,0.006774860571934031,0.006774860571934031,0.006774860578326714,0.006774860578511576,0.006774860571934033
TCE7572,0.0,0.0,0.0,0.0,0.0
EX00094,0.0,0.0,0.0,0.0,0.0
EX00097,0.0,0.0,0.0,0.0,0.0
EX00093,0.0,0.0,0.0,0.0,0.0
TCE1184,0.0,0.0,0.0,0.0,0.0
RM00258,0.3286115143936895,0.3286115143936895,0.32932447704635653,0.32934509344974144,0.3286115143936912
EX00708,0.0,0.0,0.0,0.0,0.0
EX00259,0.0,0.0,0.0,0.0,0.0
EX00257,0.0,0.0,0.0,0.0,0.0
EX00704,0.0,0.0,0.0,0.0,0.0
EX00255,0.0003217000000000001,0.0003217000000002515,0.0003217000000002515,0.0003217000000002515,0.0003217000000002515
RC00670,0.0,0.0,0.0,0.0,0.0
EXC0162,0.0,0.0,0.0,0.0,0.0
EXC0163,0.0,0.0,0.0,0.0,0.0
EXC0160,0.0,0.0,0.0,0.0,0.0
EX00250,2.000000000000001e-05,2.000000000000001e-05,2.000000000000001e-05,2.000000000000001e-05,2.000000000000001e-05
SNK0045,0.0,0.0,0.0,0.0,0.0
EX00378,2.000000000000001e-05,2.000000000000001e-05,2.000000000000001e-05,2.000000000000001e-05,2.000000000000001e-05
RM08657,0.0,0.0,0.0,0.0,0.0
TCM2002,0.0,0.0,0.0,0.0,0.0
RC01498,0.0,0.0,0.0,0.0,0.0
RM00335,0.0,0.0,0.0,0.0,0.0
RC01494,0.0,0.0,0.0,0.0,0.0
RC01495,0.0,0.0,0.0,0.0,0.0
RC01496,0.0,0.0,0.0,0.0,0.0
RC01497,0.0,0.0,0.0,0.0,0.0
TCM2004,0.0,0.0,0.0,0.0,0.0
TCM0143,0.0,0.0,0.0,0.0,0.0
TCM0140,0.0,0.0,0.0,0.0,0.0
TCM0141,0.003598643172011105,0.003598643172011105,0.003598643173847597,0.0035986431739007006,0.003598643172011102
RC00703,0.0,0.0,0.0,0.0,0.0
RC01658,4.304491257982264e-05,4.304491257982264e-05,4.299466688385643e-05,4.2993213952861456e-05,4.304491257982264e-05
TCM0145,0.15163201042096902,0.15163201042096902,0.14978912506538147,0.1497257450898283,0.15163201042096988
TCM0148,0.0,0.0,0.0,0.0,0.0
RC01655,0.1227803604779633,0.1227803604779633,0.12093749157021415,0.12087411207027536,0.12278036047796419
EX00379,0.0,0.0,0.0,0.0,0.0
EX05332,0.0,0.0,0.0,0.0,0.0
EX05335,0.0,0.0,0.0,0.0,0.0
TCE0518,0.0,0.0,0.0,0.0,0.0
EX00671,0.0,0.0,0.0,0.0,0.0
EX00670,0.0,0.0,0.0,0.0,0.0
RM05577,0.006200389437295941,0.006200389437295941,0.006200389440460181,0.0062003894405516765,0.006200389437295936
RM05578,0.006433336042583443,0.006433336042583443,0.006433336045866562,0.0064333360459614955,0.006433336042583437
EX00077,0.0,0.0,0.0,0.0,0.0
EX00075,0.0,0.0,0.0,0.0,0.0
EX00074,0.0,0.0,0.0,0.0,0.0
EX00073,0.0,0.0,0.0,0.0,0.0
EX00072,0.0,0.0,0.0,0.0,0.0
EX00079,0.0,0.0,0.0,0.0,0.0
EX00078,0.0,0.0,0.0,0.0,0.0
RC02288,0.0005243353795443158,0.0005243353795443158,0.0005243353833024517,0.0005243353834111253,0.0005243353795443158
RMC0122,0.0,0.0,0.0,0.0,0.0
RMC0123,0.0,0.0,0.0,0.0,0.0
RMC0120,0.0017867409107330606,0.0017867409107330606,0.0017867625588216698,0.0017867631848091966,0.0017867409107330606
RMC0121,0.0,0.0,0.0,0.0,0.0
TCE1298,0.0,0.0,0.0,0.0,0.0
TCE0699,0.0,0.0,0.0,0.0,0.0
RC02286,0.0005243353795443157,0.0005243353795443157,0.0005243353833024516,0.0005243353834111252,0.0005243353795443157
TCM0066,0.0,0.0,0.0,0.0,0.0
TCE0697,0.0,0.0,0.0,0.0,0.0
TCE5406,0.0,0.0,0.0,0.0,0.0
TCE5338,0.0,0.0,0.0,0.0,0.0
TCE5339,0.0,0.0,0.0,0.0,0.0
TCE5332,0.0,0.0,0.0,0.0,0.0
TCE5333,0.0,0.0,0.0,0.0,0.0
TCE5330,0.0,0.0,0.0,0.0,0.0
TCE5331,0.0,0.0,0.0,0.0,0.0
TCE5336,0.0,0.0,0.0,0.0,0.0
TCE5337,0.0,0.0,0.0,0.0,0.0
TCE5334,0.0,0.0,0.0,0.0,0.0
TCE5335,0.0,0.0,0.0,0.0,0.0
TCE1185,0.0,0.0,0.0,0.0,0.0
RC04940,0.0,0.0,0.0,0.0,0.0
TCE1186,0.0,0.0,0.0,0.0,0.0
TCE1182,-0.06142971304397636,-0.06142971304397636,-0.06142971266990403,-0.06142971265909066,-0.06142971304397712
EX01613,0.0,0.0,0.0,0.0,0.0
TCE1189,0.0,0.0,0.0,0.0,0.0
RC02914,0.0005243353795443157,0.0005243353795443157,0.0005243353833024517,0.0005243353834111252,0.0005243353795443157
RC02918,0.010457167384050657,0.010457167384050657,0.010457167376320489,0.010457167376096959,0.010457167384050657
RMC0012,0.00677486057193403,0.00677486057193403,0.006774860578326713,0.006774860578511574,0.006774860571934032
RMC0013,0.0034868396211244963,0.0034868396211244963,0.0034868396232238573,0.003486839623284566,0.0034868396211244993
RMC0011,0.006274211964432012,0.006274211964432012,0.006274211961710218,0.006274211961631521,0.0062742119644320195
RMC0016,0.0,0.0,0.0,0.0,0.0
RMC0014,0.0018365788133339034,0.0018365788133339034,0.0007972368574761614,0.0007570925658715279,0.0018365788133339034
RMC0015,0.006803812271463825,0.006803812271463825,0.006803812177120968,0.0068038121743929005,0.006803812271463826
RCC0123,0.0,0.0,0.0,0.0,0.0
RC02757,0.0,0.0,0.0,0.0,0.0
RC02750,0.0,0.0,0.0,0.0,0.0
EX01103,0.0,0.0,0.0,0.0,0.0
EX00909,0.0,0.0,0.0,0.0,0.0
TCE0360,0.0,0.0,0.0,0.0,0.0
TCM0149,0.0,0.0,0.0,0.0,0.0
TCE0368,0.0,0.0,0.0,0.0,0.0
EXC0135,0.0,0.0,0.0,0.0,0.0
TCE5045,0.0,0.0,0.0,0.0,0.0
TCE5046,0.0,0.0,0.0,0.0,0.0
TCE5040,0.0,0.0,0.0,0.0,0.0
TCE5041,0.0,0.0,0.0,0.0,0.0
TCE5042,0.0,0.0,0.0,0.0,0.0
TCE5043,0.0,0.0,0.0,0.0,0.0
EX05402,0.0,0.0,0.0,0.0,0.0
RM02661,0.006774860571934029,0.006774860571934029,0.006774860578326713,0.0067748605785115735,0.00677486057193403
RC03661,0.02349432561986505,0.02349432561986505,0.023494325523415592,0.02349432552062661,0.02349432561986506
RM02085,0.004117444018912643,0.004117444018912643,0.004140252300352685,0.0041409118366255715,0.0041174440189126315
RC03663,0.01961328744671124,0.01961328744671124,0.019613287432257813,0.019613287431839876,0.01961328744671125
RC03662,0.019682595815601053,0.019682595815601053,0.01968259579564682,0.019682595795069813,0.019682595815601053
RC03889,0.001836578813333903,0.001836578813333903,0.0007972368574761613,0.0007570925658715278,0.0018365788133339032
TCM5049,0.0,0.0,0.0,0.0,0.0
TCM5510,0.0018365788133339032,0.0018365788133339032,0.0007972368574761614,0.0007570925658715279,0.0018365788133339032
TCM5047,0.0,0.0,0.0,0.0,0.0
TCM5040,0.0,0.0,0.0,0.0,0.0
RC04360,0.002095433955032656,0.002095433955032656,0.0020954339861207804,0.002095433987019741,0.002095433955032656
RC03393,0.0,0.0,0.0,0.0,0.0
RC03394,0.0,0.0,0.0,0.0,0.0
RC04162,0.002095433955032656,0.002095433955032656,0.0020954339861207804,0.0020954339870197405,0.002095433955032656
RM03425,-0.15403456466744953,-0.15403456466744953,-0.1543910626385894,-0.1544013713215919,-0.1540345646674505
RC04560,0.0,0.0,0.0,0.0,0.0
EX03722,0.0,0.0,0.0,0.0,0.0
RC03245,0.0001506571940293792,0.0001506571940293792,0.0001504813340934975,0.0001504762488350151,0.0001506571940293792
RC00847,0.003875985285200002,0.003875985285200002,0.003875985285200002,0.003875985285200002,0.003875985285200002
RC03719,0.0,0.0,0.0,0.0,0.0
RC03718,0.0,0.0,0.0,0.0,0.0
RC00842,0.19711594721137557,0.19711594721137557,0.19864676591737662,0.1987011220094135,0.1971159472113771
RC00286,0.0,0.0,0.0,0.0,0.0
RC00287,0.0,0.0,0.0,0.0,0.0
RC00289,0.003846072083223131,0.003846072083223131,0.0037165892547031437,0.003712845061071119,0.0038460720832230854
RM07136,0.0,0.0,0.0,0.0,0.0
RC09394,0.0,0.0,0.0,0.0,0.0
TCE0710,0.0,0.0,0.0,0.0,0.0
RM02530,0.0,0.0,0.0,0.0,0.0
RM03336,0.0,0.0,0.0,0.0,0.0
RC01001,0.0075884870826766395,0.0075884870826766395,0.0075884870897134004,0.007588487089916881,0.007588487082676645
RC01000,0.0,0.0,0.0,0.0,0.0
RC01005,0.0022811499268119003,0.0022811499268119003,0.0022811499156586454,0.0022811499153361317,0.0022811499268119003
RC01009,0.0030415332357492005,0.0030415332357492005,0.003041533220878194,0.003041533220448176,0.0030415332357492005
RM01868,0.0,0.0,0.0,0.0,0.0
RC03866,0.0,0.0,0.0,0.0,0.0
TCE5100,0.0,0.0,0.0,0.0,0.0
TCE5102,0.0,0.0,0.0,0.0,0.0
RM03758,0.0,0.0,0.0,0.0,0.0
RC10633,-0.06803549047930728,-0.06803549047930728,-0.06703936089451029,-0.06701055628705282,-0.0680354904793081
TCE5109,0.0,0.0,0.0,0.0,0.0
EX00089,0.0,0.0,0.0,0.0,0.0
EX00082,0.0,0.0,0.0,0.0,0.0
EX00080,0.1749289294555793,0.17492892945558203,0.17828666315380245,0.17838375714900814,0.17492892945557956
EX00081,0.0,0.0,0.0,0.0,0.0
RCC0167,0.0,0.0,0.0,0.0,0.0
RC01711,0.0,0.0,0.0,0.0,0.0
RC01710,0.0,0.0,0.0,0.0,0.0
RM00248,0.0,0.0,0.0,0.0,0.0
RC00669,0.0004018000000000001,0.0004018000000000001,0.0004018000000000001,0.0004018000000000001,0.0004018000000000001
EX00366,0.034510639243948094,0.034510639243948094,0.03451063913421541,0.03451063913104253,0.03451063924394844
EX00719,0.0,0.0,0.0,0.0,0.0
DMN0065,0.0,0.0,0.0,0.0,0.0
EX00249,0.0,0.0,0.0,0.0,0.0
EXC0053,0.0,0.0,0.0,0.0,0.0
EX00245,0.0,0.0,0.0,0.0,0.0
RC00662,0.0,0.0,0.0,0.0,0.0
RM00243,0.2135280348591221,0.2135280348591221,0.21388453306840352,0.21389484175829246,0.21352803485912314
RM00245,0.00022692760766212952,0.00022692760766212952,0.0002269277199173366,0.00022692772316337316,0.00022692760766212996
EX00242,0.0,0.0,0.0,0.0,0.0
EX00243,0.0,0.0,0.0,0.0,0.0
RC01393,0.0,0.0,0.0,0.0,0.0
RC01827,0.0,0.0,0.0,0.0,0.0
RC01397,0.0,0.0,0.0,0.0,0.0
TCE0346,0.0,0.0,0.0,0.0,0.0
EXC0056,0.0,0.0,0.0,0.0,0.0
SNK0056,0.0,0.0,0.0,0.0,0.0
EXC0057,0.0,0.0,0.0,0.0,0.0
EX00881,0.0,0.0,0.0,0.0,0.0
EX01530,0.0,0.0,0.0,0.0,0.0
EXC0055,0.0,0.0,0.0,0.0,0.0
RC10928,0.0,0.0,0.0,0.0,0.0
EX05100,0.0,0.0,0.0,0.0,0.0
EX00407,0.0,0.0,0.0,0.0,0.0
RC00710,0.0,0.0,0.0,0.0,0.0
RC00711,0.06761369047930728,0.06761369047930728,0.06661756089451029,0.06658875628705281,0.0676136904793081
RC08707,0.0,0.0,0.0,0.0,0.0
EX00086,0.006628939879125957,0.006628939879125957,0.006628939897038305,0.006628939897556275,0.006628939879125957
RC00996,0.0,0.0,0.0,0.0,0.0
EX00084,0.0,0.0,0.0,0.0,0.0
RE10092,0.0,0.0,0.0,0.0,0.0
RC03648,0.010250002437192915,0.010250002437192915,0.010250002422427053,0.010250002422000077,0.010250002437192917
EX00669,0.0,0.0,0.0,0.0,0.0
EX00064,0.0,0.0,0.0,0.0,0.0
EX00065,0.0,0.0,0.0,0.0,0.0
EX00067,0.0,0.0,0.0,0.0,0.0
EX00061,0.00011720000000000003,0.00011720000000000003,0.00011720000000000003,0.00011720000000000003,0.00011720000000000003
EX00062,0.0,0.0,0.0,0.0,0.0
EX00068,9.030000000000003e-05,9.030000000000003e-05,9.030000000000003e-05,9.030000000000003e-05,9.030000000000003e-05
EX01595,0.0,0.0,0.0,0.0,0.0
RMC0155,0.025450876798475557,0.025450876798475557,0.025658597189492854,0.025664603741667895,0.025450876798475408
RMC0154,0.0,0.0,0.0,0.0,0.0
EX00170,0.0,0.0,0.0,0.0,0.0
TCE0779,0.0,0.0,0.0,0.0,0.0
RM01301,0.0,0.0,0.0,0.0,0.0
TCE0777,0.0,0.0,0.0,0.0,0.0
EX05635,0.0,0.0,0.0,0.0,0.0
TCE1197,0.0,0.0,0.0,0.0,0.0
TCE1194,0.0,0.0,0.0,0.0,0.0
RC02383,0.0,0.0,0.0,0.0,0.0
RC02382,0.0,0.0,0.0,0.0,0.0
RC02389,0.0,0.0,0.0,0.0,0.0
TCE0482,0.0,0.0,0.0,0.0,0.0
TCE0487,0.0,0.0,0.0,0.0,0.0
TCE0486,-0.2385193059180909,-0.2385193059180909,-0.23979832262585055,-0.23981512708132088,-0.2385193059180879
TCE0484,0.1595617461724494,0.1595617461724494,0.1585224041355943,0.15848225984164802,0.15956174617244992
RC01829,0.01663569408907109,0.01663569408907109,0.016635694126755526,0.016635694127845314,0.016635694089071253
RM01278,0.0,0.0,0.0,0.0,0.0
EX01132,0.0,0.0,0.0,0.0,0.0
EX01137,0.0,0.0,0.0,0.0,0.0
EX03197,0.0,0.0,0.0,0.0,0.0
RM00908,0.02033269815950017,0.02033269815950017,0.020332698162871848,0.02033269816296941,0.020332698159500315
RC03416,0.0,0.0,0.0,0.0,0.0
TCE0399,0.0,0.0,0.0,0.0,0.0
TCE0392,0.0,0.0,0.0,0.0,0.0
TCE5071,0.0,0.0,0.0,0.0,0.0
TCE5070,0.0,0.0,0.0,0.0,0.0
TCE5073,0.0,0.0,0.0,0.0,0.0
TCE5072,0.0,0.0,0.0,0.0,0.0
TCE5075,0.0,0.0,0.0,0.0,0.0
TCE5074,0.0,0.0,0.0,0.0,0.0
TCE5077,0.0,0.0,0.0,0.0,0.0
TCE5076,0.0,0.0,0.0,0.0,0.0
TCE5079,0.0,0.0,0.0,0.0,0.0
TCE5078,0.0,0.0,0.0,0.0,0.0
RC07396,0.0,0.0,0.0,0.0,0.0
RC07392,0.0,0.0,0.0,0.0,0.0
RC08383,0.0,0.0,0.0,0.0,0.0
RC08381,0.0,0.0,0.0,0.0,0.0
RC08388,0.0,0.0,0.0,0.0,0.0
RC07377,5.38716480735322e-05,5.38716480735322e-05,5.3871648872778824e-05,5.387164889589026e-05,5.38716480735322e-05
RC07372,0.0,0.0,0.0,0.0,0.0
RM01214,0.0067748605719340285,0.0067748605719340285,0.006774860578326713,0.0067748605785115735,0.00677486057193403
RC04176,0.0,0.0,0.0,0.0,0.0
RC04171,0.0,0.0,0.0,0.0,0.0
RC07379,0.0,0.0,0.0,0.0,0.0
RC04173,0.16958288689631268,0.16958288689631268,0.16993936831054948,0.16994967651478385,0.16958288689631365
RC02541,0.0,0.0,0.0,0.0,0.0
RM02433,0.0,0.0,0.0,0.0,0.0
RC04571,0.0008198836788959035,0.0008198836788959035,0.0008198836910598019,0.0008198836914115396,0.0008198836788959035
EX03758,0.0,0.0,0.0,0.0,0.0
RC00875,0.0097790499268119,0.0097790499268119,0.009779049915658644,0.009779049915336131,0.0097790499268119
RC01547,0.00043971815923869945,0.00043971815923869945,0.0004397182648826147,0.00043971826793746976,0.0004397181592386995
RC00475,0.0,0.0,0.0,0.0,0.0
RC00471,0.0,0.0,0.0,0.0,0.0
TCE0622,0.0,0.0,0.0,0.0,0.0
TCE0825,0.0,0.0,0.0,0.0,0.0
TCE0621,0.0,0.0,0.0,0.0,0.0
RC00278,0.0,0.0,0.0,0.0,0.0
RC00277,0.0,0.0,0.0,0.0,0.0
RC00275,0.0,0.0,0.0,0.0,0.0
RC00274,0.0,0.0,0.0,0.0,0.0
RE00548,0.0,0.0,0.0,0.0,0.0
RC00585,0.0,0.0,0.0,0.0,0.0
RM00197,0.0027377000000000005,0.0027377000000000005,0.0027377000000000005,0.0027377000000000005,0.0027377000000000005
RC01010,0.0,0.0,0.0,0.0,0.0
RC01011,0.0,0.0,0.0,0.0,0.0
RC01013,0.002095433955032656,0.002095433955032656,0.0020954339861207804,0.0020954339870197405,0.002095433955032656
RC01015,-0.05628287457855305,-0.05628287457855305,-0.05649361993778881,-0.05649971396153747,-0.05628287457855336
RC01016,0.0,0.0,0.0,0.0,0.0
RC01018,0.0,0.0,0.0,0.0,0.0
RM03102,0.0,0.0,0.0,0.0,0.0
RM03103,0.0,0.0,0.0,0.0,0.0
RC09036,0.0,0.0,0.0,0.0,0.0
RC09035,0.0,0.0,0.0,0.0,0.0
EX00402,0.0,0.0,0.0,0.0,0.0
RC00010,0.0,0.0,0.0,0.0,0.0
RC03875,0.0,0.0,0.0,0.0,0.0
RC00383,0.0,0.0,0.0,0.0,0.0
TCE0784,0.0,0.0,0.0,0.0,0.0
TCE1302,0.0,0.0,0.0,0.0,0.0
EX15610,0.0,0.0,0.0,0.0,0.0
RM00275,0.0,0.0,0.0,0.0,0.0
EX00315,0.0,0.0,0.0,0.0,0.0
RC00650,0.0,0.0,0.0,0.0,0.0
RC01704,0.0,0.0,0.0,0.0,0.0
RC00658,-0.03727415204352532,-0.03727415204352532,-0.03727415215823668,-0.037274152161554115,-0.03727415204352548
RC00497,0.0,0.0,0.0,0.0,0.0
RC00494,0.0,0.0,0.0,0.0,0.0
RE00160,0.0,0.0,0.0,0.0,0.0
RM00471,0.0,0.0,0.0,0.0,0.0
EX00272,0.0,0.0,0.0,0.0,0.0
RM00479,-0.32504460679152797,-0.32504460679152797,-0.3257575862888092,-0.32577820317928174,-0.32504460679152963
RC01830,-0.01663569408907109,-0.01663569408907109,-0.016635694126755522,-0.01663569412784531,-0.016635694089071253
RC01384,0.0,0.0,0.0,0.0,0.0
EX00183,0.0,0.0,0.0,0.0,0.0
EX00181,0.0,0.0,0.0,0.0,0.0
EX00187,0.0,0.0,0.0,0.0,0.0
EX00186,0.0,0.0,0.0,0.0,0.0
EX00185,0.0,0.0,0.0,0.0,0.0
EX00189,0.0,0.0,0.0,0.0,0.0
EX00188,0.0,0.0,0.0,0.0,0.0
EX00473,0.0,0.0,0.0,0.0,0.0
RC00720,0.0,0.0,0.0,0.0,0.0
RC00722,0.0,0.0,0.0,0.0,0.0
EX00475,0.0,0.0,0.0,0.0,0.0
RCC0172,0.05031917325362445,0.05031917325362445,0.05031917261006654,0.05031917259145707,0.05031917325362445
RC06099,0.0,0.0,0.0,0.0,0.0
RM00004,0.09547020660955645,0.0954702066095562,0.09547020665827743,0.09547020665968622,0.09547020660955612
RC02957,0.0,0.0,0.0,0.0,0.0
EX00698,0.0,0.0,0.0,0.0,0.0
EX00696,0.0,0.0,0.0,0.0,0.0
EX00695,0.0,0.0,0.0,0.0,0.0
RC01528,0.0,0.0,0.0,0.0,0.0
RC01529,0.033271388178142174,0.033271388178142174,0.03327138825351105,0.03327138825569063,0.03327138817814251
EX00051,0.0,0.0,0.0,0.0,0.0
TCM0059,0.0,0.0,0.0,0.0,0.0
DMN0009,0.0,0.0,0.0,0.0,0.0
EX00054,0.0,0.0,0.0,0.0,0.0
EX00059,0.013941573637289865,0.013941573637289865,0.013941590409823712,0.01394159089482714,0.013941573637289865
EX00058,0.0,0.0,0.0,0.0,0.0
RC08725,0.0,0.0,0.0,0.0,0.0
TCM0208,0.0,0.0,0.0,0.0,0.0
TCE0766,0.0,0.0,0.0,0.0,0.0
TCE0437,0.0,0.0,0.0,0.0,0.0
RC06364,0.001991132249499193,0.001991132249499193,0.001991132279039884,0.0019911322798940984,0.001991132249499193
RM03313,0.0,0.0,0.0,0.0,0.0
EX14818,7.49516958067258e-05,7.49516958067258e-05,7.496844437204787e-05,7.496892868237952e-05,7.49516958067258e-05
EX14819,0.0,0.0,0.0,0.0,0.0
RC04929,0.0,0.0,0.0,0.0,0.0
RC04928,0.0,0.0,0.0,0.0,0.0
TCE1169,0.0,0.0,0.0,0.0,0.0
TCE1164,0.0,0.0,0.0,0.0,0.0
TCE1161,0.0,0.0,0.0,0.0,0.0
RC02396,0.0,0.0,0.0,0.0,0.0
RC02397,0.0,0.0,0.0,0.0,0.0
RC07140,0.0,0.0,0.0,0.0,0.0
TCE5401,0.0,0.0,0.0,0.0,0.0
RC02731,0.0,0.0,0.0,0.0,0.0
RC02732,0.0,0.0,0.0,0.0,0.0
RC02736,0.0,0.0,0.0,0.0,0.0
RC02737,0.00019643641613088263,0.00019643641613088263,0.00018018312168436088,0.00017971313286606962,0.00019643641613089447
RC02739,0.0,0.0,0.0,0.0,0.0
RC02640,0.0,0.0,0.0,0.0,0.0
EX02165,0.0,0.0,0.0,0.0,0.0
TCE0531,0.0,0.0,0.0,0.0,0.0
EX00318,0.0,0.0,2.594957822721917e-18,2.594957822721917e-18,0.0
TCM1286,0.0,0.0,0.0,0.0,0.0
TCE0389,0.0,0.0,0.0,0.0,0.0
RM00533,0.0,0.0,0.0,0.0,0.0
TCE0384,0.0,0.0,0.0,0.0,0.0
RC03469,0.0,0.0,0.0,0.0,0.0
TCE0382,0.0,0.0,0.0,0.0,0.0
RM04753,0.0,0.0,0.0,0.0,0.0
RM04741,-0.00626267413449804,-0.00626267413449804,-0.006269175385151164,-0.006269363378737444,-0.006262674134498035
RM04740,-0.0054295741344980416,-0.0054295741344980416,-0.005436075385151165,-0.005436263378737446,-0.005429574134498036
RM04743,-0.00626267413449804,-0.00626267413449804,-0.006269175385151164,-0.006269363378737444,-0.006262674134498036
RC07389,0.00010430170553346283,0.00010430170553346283,0.00010430170708089617,0.00010430170712564258,0.00010430170553346283
RM04745,-0.00626267413449804,-0.00626267413449804,-0.006269175385151164,-0.006269363378737444,-0.006262674134498037
RM04744,-0.0062626741344980405,-0.0062626741344980405,-0.006269175385151164,-0.006269363378737445,-0.006262674134498036
RM04747,0.0062626741344980405,0.0062626741344980405,0.006269175385151164,0.006269363378737445,0.006262674134498037
RM04746,-0.00626267413449804,-0.00626267413449804,-0.006269175385151163,-0.006269363378737444,-0.006262674134498036
RM04749,-0.00626267413449804,-0.00626267413449804,-0.006269175385151164,-0.006269363378737444,-0.006262674134498035
RM04748,-0.00626267413449804,-0.00626267413449804,-0.006269175385151164,-0.006269363378737444,-0.006262674134498037
RC07380,0.0,0.0,0.0,0.0,0.0
TCE0542,0.0,0.0,0.0,0.0,0.0
TCE5063,0.0,0.0,0.0,0.0,0.0
RC07384,0.0,0.0,0.0,0.0,0.0
RC07385,0.0,0.0,0.0,0.0,0.0
RM01736,0.0,0.0,0.0,0.0,0.0
RC01184,0.0,0.0,0.0,0.0,0.0
EX02763,0.0,0.0,0.0,0.0,0.0
RC03601,2.482271312994986e-21,2.482271312994986e-21,2.482271312994986e-21,2.482271312994986e-21,2.482271312994986e-21
RC01185,0.0,0.0,0.0,0.0,0.0
RC08505,0.0,0.0,0.0,0.0,0.0
RC04144,0.0,0.0,0.0,0.0,0.0
RC00867,0.0097790499268119,0.0097790499268119,0.009779049915658644,0.009779049915336131,0.0097790499268119
RC00160,0.0002774000000000001,0.0002774000000000001,0.0002774000000000001,0.0002774000000000001,0.0002774000000000001
EX05422,0.0,0.0,0.0,0.0,0.0
EX00109,0.0,0.0,0.0,0.0,0.0
RC00694,0.0,0.0,0.0,0.0,0.0
EX00108,0.0,0.0,0.0010393419566735538,0.0010794862483017788,0.0
RC03269,0.0,0.0,0.0,0.0,0.0
EX00233,0.0,0.0,0.0,0.0,0.0
RC04545,0.0,0.0,0.0,0.0,0.0
TCM1289,-0.0001506571940293792,-0.0001506571940293792,-0.00015048133409349752,-0.0001504762488350151,-0.00015065719402937924
RM00489,0.0,0.0,0.0,0.0,0.0
RC03970,0.0,0.0,0.0,0.0,0.0
RC03284,0.0,0.0,0.0,0.0,0.0
RC03283,0.0,0.0,0.0,0.0,0.0
RC00267,0.0,0.0,0.0,0.0,0.0
RC00261,0.0,0.0,0.0,0.0,0.0
EX00106,0.0,0.0,0.0,0.0,0.0
TCM5067,0.0,0.0,0.0,0.0,0.0
TCM5064,0.0,0.0,0.0,0.0,0.0
TCM5065,0.0,0.0,0.0,0.0,0.0
TCM5062,0.0020190659122613012,0.0020190659122613012,0.0020190658066173857,0.0020190658035625308,0.002019065912261301
TCM5060,0.0,0.0,0.0,0.0,0.0
TCM5061,1.4348304193274205e-05,1.4348304193274205e-05,1.4331555627952141e-05,1.4331071317620485e-05,1.4348304193274211e-05
RM03172,0.0034868396211244963,0.0034868396211244963,0.0034868396232238578,0.0034868396232845666,0.003486839621124499
RC01026,0.0,0.0,0.0,0.0,0.0
RC01021,5.387164807353221e-05,5.387164807353221e-05,5.387164887277883e-05,5.387164889589027e-05,5.387164807353221e-05
RC01023,0.0,0.0,0.0,0.0,0.0
RC00009,0.0,0.0,0.0,0.0,0.0
RC00004,0.0,0.0,0.0,0.0,0.0
RM03777,0.00626267413449804,0.00626267413449804,0.006269175385151163,0.006269363378737444,0.006262674134498036
RM03776,0.0,0.0,0.0,0.0,0.0
RM03778,0.00626267413449804,0.00626267413449804,0.006269175385151164,0.006269363378737446,0.006262674134498036
RC10306,0.0,0.0,0.0,0.0,0.0
RC01281,0.0008556332013946899,0.0008556332013946899,0.0008556332140889729,0.0008556332144560474,0.0008556332013946899
RC01280,0.015565044225192393,0.015565044225192393,0.015468558755543767,0.015465768730911435,0.015565044225192474
RCC0177,0.0,0.0,0.0,0.0,0.0
RCC0176,0.016773057751208156,0.016773057751208156,0.016773057536688847,0.01677305753048569,0.016773057751208152
RCC0175,1.5598943708623584e-05,1.5598943708623584e-05,1.559894350912063e-05,1.5598943503351695e-05,1.559894370862358e-05
RC00137,1.5834818743179576e-18,1.5834818743179576e-18,-1.2667854994543661e-17,0.0,0.0
RCC0173,0.016773057751208152,0.016773057751208152,0.016773057536688847,0.016773057530485695,0.016773057751208152
RM00267,0.13194508694230533,0.13194508694230533,0.1301022179447873,0.13003883844225264,0.1319450869423062
RCC0171,0.05031917325362444,0.05031917325362444,0.050319172610066534,0.050319172591457066,0.05031917325362444
RCC0170,0.05031917325362445,0.05031917325362445,0.050319172610066534,0.05031917259145706,0.05031917325362444
TCE7728,0.0,0.0,0.0,0.0,0.0
RC00138,0.0,0.0,0.0,0.0,0.0
RC01737,0.0,0.0,0.0,0.0,0.0
RCC0178,0.0,0.0,0.0,0.0,0.0
RC00485,0.009072211920133326,0.009072211920133326,0.009072211933174184,0.009072211933551285,0.009072211920133303
RC09752,-0.4747006697045542,-0.4747006697045542,-0.4744517006020565,-0.47444450128042626,-0.4747006697045542
RC00489,0.0,0.0,0.0,0.0,0.0
EX00864,2.0000000000000005e-05,2.0000000000000005e-05,2.0000000000000005e-05,2.0000000000000005e-05,2.0000000000000005e-05
TCM0213,0.0,0.0,0.0,0.0,0.0
RC01357,0.0,0.0,0.0,0.0,0.0
EX00191,0.0,0.0,0.0,0.0,0.0
EX00194,2.0000000000000005e-05,2.0000000000000005e-05,2.0000000000000005e-05,2.0000000000000005e-05,2.0000000000000005e-05
RC01600,0.0013579600000000003,0.0013579600000000003,0.0013579600000000003,0.0013579600000000003,0.0013579600000000003
RC01351,0.0,0.0,0.0,0.0,0.0
RC01602,0.0,0.0,0.0,0.0,0.0
RC00955,0.0,0.0,0.0,0.0,0.0
TCM0199,0.0,0.0,0.0,0.0,0.0
TCM0198,0.0,0.0,0.0,0.0,0.0
RC00736,0.0,0.0,0.0,0.0,0.0
TCM0190,0.0,0.0,0.0,0.0,0.0
RC00734,0.0035161922045236294,0.0035161922045236294,0.0035161922124358697,0.0035161922126646676,0.0035161922045236363
TCM0192,0.02033269815950017,0.02033269815950017,0.020332698162871848,0.02033269816296941,0.020332698159500315
RM06985,0.0,0.0,0.0,0.0,0.0
RC08724,0.0,0.0,0.0,0.0,0.0
TCM0197,0.0,0.0,0.0,0.0,0.0
RC00731,0.0,0.0,0.0,0.0,0.0
DGR0026,0.00026031049520000007,0.00026031049520000007,0.00026031049520000007,0.00026031049520000007,0.00026031049520000007
DGR0027,0.0135796,0.0135796,0.0135796,0.0135796,0.0135796
DGR0024,0.0006462796604000002,0.0006462796604000002,0.0006462796604000002,0.0006462796604000002,0.0006462796604000002
TCE5122,0.0,0.0,0.0,0.0,0.0
DGR0025,0.00026031049520000007,0.00026031049520000007,0.00026031049520000007,0.00026031049520000007,0.00026031049520000007
TCE0441,0.0,0.0,0.0,0.0,0.0
TCE0440,-0.006628939879125956,-0.006628939879125956,-0.006628939897038305,-0.0066289398975562745,-0.006628939879125956
DGR0020,0.0023231154692000006,0.0023231154692000006,0.0023231154692000006,0.0023231154692000006,0.0023231154692000006
TCM0064,-0.0023609141928782186,-0.0023609141928782186,-0.0023609141974521687,-0.002360914197584432,-0.002360914192878219
RC01513,0.1695828868963127,0.1695828868963127,0.16993936831054948,0.16994967651478388,0.16958288689631368
RC01512,-0.1323087348527874,-0.1323087348527874,-0.1326652161523128,-0.13267552435322977,-0.1323087348527882
RC01514,0.0,0.0,0.0,0.0,0.0
TCM0062,0.0,0.0,0.0,0.0,0.0
RC01518,0.03727415204352532,0.03727415204352532,0.037274152158236686,0.037274152161554115,0.03727415204352548
RC04807,0.0,0.0,0.0,0.0,0.0
TCM0069,0.12278036047796331,0.12278036047796331,0.12093749157021415,0.12087411207027536,0.1227803604779642
EX00048,0.0,0.0,0.0,0.0,0.0
EX00049,0.0,0.0,0.0,0.0,0.0
EX00047,0.0,0.0,0.0,0.0,0.0
EX00042,0.0,0.0,0.0,0.0,0.0
EX00041,0.0,0.0,0.0,0.0,0.0
TCE0772,0.0,0.0,0.0,0.0,0.0
EX05270,0.0,0.0,0.0,0.0,0.0
TCE0713,0.0,0.0,0.0,0.0,0.0
TCE0712,0.0,0.0,0.0,0.0,0.0
RC06171,0.0,0.0,0.0,0.0,0.0
TCE0716,0.0,0.0,0.0,0.0,0.0
RM04170,-0.0062626741344980405,-0.0062626741344980405,-0.006269175385151163,-0.006269363378737444,-0.006262674134498035
EX05787,0.0,0.0,0.0,0.0,0.0
TCE0719,0.0,0.0,0.0,0.0,0.0
TCE0718,0.0,0.0,0.0,0.0,0.0
EX02918,0.0,0.0,0.0,0.0,0.0
RM02161,1.3099994678163434,1.3099994678163434,1.309534121419137,1.3094197638929783,1.309999467816343
TCE1179,0.0,0.0,0.0,0.0,0.0
EX01330,0.0,0.0,0.0,0.0,0.0
TCE5389,0.0,0.0,0.0,0.0,0.0
TCE5388,0.0,0.0,0.0,0.0,0.0
EX01801,0.0,0.0,0.0,0.0,0.0
TCE5383,0.0,0.0,0.0,0.0,0.0
TCE5382,0.0,0.0,0.0,0.0,0.0
TCE5381,0.0,0.0,0.0,0.0,0.0
RC07172,0.0,0.0,0.0,0.0,0.0
TCE5387,0.0,0.0,0.0,0.0,0.0
TCE5386,0.0,0.0,0.0,0.0,0.0
TCE5385,0.0,0.0,0.0,0.0,0.0
TCE5384,0.0,0.0,0.0,0.0,0.0
RC02099,0.0,0.0,0.0,0.0,0.0
RC02098,0.0,0.0,0.0,0.0,0.0
EXC0063,0.0,0.0,0.0,0.0,0.0
TCE0627,0.0,0.0,0.0,0.0,0.0
RC02094,0.0004397181592386994,0.0004397181592386994,0.0004397182648826147,0.00043971826793746965,0.0004397181592386994
RC02090,0.00023677131651314578,0.00023677131651314578,0.0002367713733983309,0.00023677137504325282,0.00023677131651314584
RC02093,0.0004397181592386994,0.0004397181592386994,0.0004397182648826147,0.00043971826793746965,0.00043971815923869945
RC02701,0.0,0.0,0.0,0.0,0.0
RC02251,0.0007856985977799767,0.0007856985977799767,0.000720689314331084,0.0007188094716686234,0.0007856985977800241
RC02250,0.0,0.0,0.0,0.0,0.0
RM00927,0.0034868396211244967,0.0034868396211244967,0.003486839623223858,0.003486839623284567,0.0034868396211244997
RC02078,0.0,0.0,0.0,0.0,0.0
RC05861,0.0,0.0,0.0,0.0,0.0
TCE5019,0.0,0.0,0.0,0.0,0.0
TCE0533,0.0,0.0,0.0,0.0,0.0
RM04754,0.0062626741344980405,0.0062626741344980405,0.006269175385151164,0.006269363378737445,0.006262674134498036
TCE5017,0.0,0.0,0.0,0.0,0.0
TCE5016,0.0,0.0,0.0,0.0,0.0
RM04751,0.00626267413449804,0.00626267413449804,0.006269175385151164,0.006269363378737444,0.006262674134498036
RC03618,0.0,0.0,0.0,0.0,0.0
EX18126,0.0,0.0,0.0,0.0,0.0
RC03617,0.0,0.0,0.0,0.0,0.0
RM03905,0.003598643172011105,0.003598643172011105,0.003598643173847597,0.0035986431739007006,0.0035986431720111014
RC04480,0.0,0.0,0.0,0.0,0.0
TCE0447,0.0,0.0,0.0,0.0,0.0
RC04559,0.0,0.0,0.0,0.0,0.0
TCE5123,0.0,0.0,0.0,0.0,0.0
RC02670,0.0,0.0,0.0,0.0,0.0
TCE5121,0.0,0.0,0.0,0.0,0.0
TCE5120,0.0,0.0,0.0,0.0,0.0
RC02678,0.0,0.0,0.0,0.0,0.0
RC03104,0.0,0.0,0.0,0.0,0.0
RC03105,0.0,0.0,0.003541196485433963,0.0031491790958086234,0.0
RC03106,0.0,0.0,0.0,0.0,0.0
RM02164,0.07206136973565708,0.07206136973565708,0.07130099658465566,0.07125882896938998,0.0720613697356564
RC04734,0.0,0.0,0.0,0.0,0.0
EX03793,0.0,0.0,0.0,0.0,0.0
RC00251,0.0,0.0,0.0,0.0,0.0
RC00253,0.0,0.0,0.0,0.0,0.0
RC00257,0.0,0.0,0.0,0.0,0.0
RC00256,0.0,0.0,0.0,0.0,0.0
TCM5013,0.0,0.0,0.0,0.0,0.0
TCM5012,0.0017867409107330604,0.0017867409107330604,0.0017867625588216698,0.0017867631848091962,0.0017867409107330604
TCM5011,0.006101304385181108,0.006101304385181108,0.00617051565140206,0.006172517000810369,0.0061013043851810556
TCM5010,0.0,0.0,0.0,0.0,0.0
TCM5015,0.0,0.0,0.0,0.0,0.0
TCM5014,0.0,0.0,0.0,0.0,0.0
TCE0576,0.0,0.0,0.0,0.0,0.0
TCM5018,0.0,0.0,0.0,0.0,0.0
RM02566,0.0,0.0,0.0,0.0,0.0
RM02565,0.0,0.0,0.0,0.0,0.0
RM01859,0.019869253187996472,0.019869253187996472,0.01986925309788136,0.019869253095275555,0.01986925318799648
RM00585,0.0,0.0,0.0,0.0,0.0
RC00032,0.0,0.0,0.0,0.0,0.0
RC01030,0.0,0.0,0.0,0.0,0.0
RC01036,0.0,0.0,0.0,0.0,0.0
RC04025,0.0,0.0,0.0,0.0,0.0
TCM1039,0.0,0.0,0.0,0.0,0.0
RC03858,0.0,0.0,0.0,0.0,0.0
TCM1031,-0.059493470191672566,-0.059493470191672566,-0.059493470429814115,-0.05949347043670055,-0.05949347019167261
TCM1033,0.0,0.0,0.0,0.0,0.0
TCM1035,0.0,0.0,0.0,0.0,0.0
TCM1034,0.0,0.0,0.0,0.0,0.0
TCM1037,0.0025616488988009223,0.0025616488988009223,0.0025616489001082064,0.0025616489001460073,0.00256164889880092
RCC0180,0.0,0.0,0.0,0.0,0.0
RCC0181,0.0,0.0,0.0,0.0,0.0
RCC0185,0.0,0.0,0.0,0.0,0.0
RC01724,0.0,0.0,0.0,0.0,0.0
RCC0165,0.0,0.0,0.0,0.0,0.0
RCC0166,0.0,0.0,0.0,0.0,0.0
RC00102,0.06803549047930728,0.06803549047930728,0.0670393608945103,0.06701055628705282,0.0680354904793081
RCC0162,0.0,0.0,0.0,0.0,0.0
RCC0163,-0.06803549047930728,-0.06803549047930728,-0.06703936089451029,-0.06701055628705282,-0.0680354904793081
EX00219,0.0,0.0,0.0,0.0,0.0
RCC0168,0.0,0.0,0.0,0.0,0.0
TCM1104,0.0,0.0,0.0,0.0,0.0
TCM1101,0.0,0.0,0.0,0.0,0.0
TCM1102,0.0,0.0,0.0,0.0,0.0
RC01483,0.0,0.0,0.0,0.0,0.0
TCM1109,0.0,0.0,0.0,0.0,0.0
RC10065,0.0,0.0,0.0,0.0,0.0
TCE5359,0.0,0.0,0.0,0.0,0.0
EX00014,0.1595617461724494,0.1595617461724494,0.1585224041355943,0.15848225984164802,0.15956174617244992
EX00853,2.0000000000000005e-05,2.0000000000000005e-05,2.0000000000000005e-05,2.0000000000000005e-05,2.0000000000000005e-05
TCM0187,0.0,0.0,0.0,0.0,0.0
RC08734,0.0,0.0,0.0,0.0,0.0
RC08735,0.0,0.0,0.0,0.0,0.0
RC01616,0.0,0.0,0.0,0.0,0.0
RC08733,0.0,0.0,0.0,0.0,0.0
TCE5355,0.0,0.0,0.0,0.0,0.0
EX00011,0.4532997080921901,0.4532997080921901,0.44842841291045954,0.4482371013122452,0.45329970809219444
TCM0188,0.0,0.0,0.0,0.0,0.0
TCM0189,0.0,0.0,0.0,0.0,0.0
RC00748,0.0009941938850215803,0.0009941938850215803,0.0009941937312673706,0.0009941937268213334,0.0009941938850215803
EX00459,0.0,0.0,0.0,0.0,0.0
EX00329,0.0,0.0,0.0,0.0,0.0
EX00328,0.0,0.0,0.0,0.0,0.0
EX00455,0.0,0.0,0.0,0.0,0.0
EX00544,0.0,0.0,0.0,0.0,0.0
EX00322,0.0,0.0,0.0,0.0,0.0
TCE5351,0.0,0.0,0.0,0.0,0.0
TCM0094,0.0046633237220792285,0.0046633237220792285,0.004663323724459059,0.004663323724527873,0.004663323722079225
RC01290,0.0075884870826766395,0.0075884870826766395,0.0075884870897134004,0.007588487089916881,0.007588487082676643
TCM0095,0.0,0.0,0.0,0.0,0.0
TCM0097,0.0,0.0,0.0,0.0,0.0
EX00019,0.0,0.0,0.0,0.0,0.0
TCM0158,0.0,0.0,0.0,0.0,0.0
RC06983,0.0,0.0,0.0,0.0,0.0
RC06982,0.0,0.0,0.0,0.0,0.0
TCM0093,0.0,0.0,0.0,0.0,0.0
EX00018,0.0,0.0,0.0,0.0,0.0
TCM0072,0.0009545433057227072,0.0009545433057227072,0.0009545433123276636,0.0009545433125186606,0.0009545433057227164
TCM0073,0.05799797554578937,0.05799797554578937,0.057001846439804806,0.056973041846192916,0.05799797554579019
TCM0070,0.0,0.0,0.0,0.0,0.0
TCM0076,0.0,0.0,0.0,0.0,0.0
TCM0077,0.002307425139548747,0.002307425139548747,0.0022844409954508836,0.0022837763738409286,0.0023074251395487754
TCM0075,0.0,0.0,0.0,0.0,0.0
RC09511,0.0,0.0,0.0,0.0,0.0
RC09510,0.0,0.0,0.0,0.0,0.0
TCM0078,0.0,0.0,0.0,0.0,0.0
TCM0079,0.0,0.0,0.0,0.0,0.0
RC01500,0.0,0.0,0.0,0.0,0.0
EX00506,0.0,0.0,0.0,0.0,0.0
EX00033,0.0,0.0,0.0,0.0,0.0
EX00032,5.651695806725795e-06,5.651695806725795e-06,5.668444372047861e-06,5.6689286823795204e-06,5.651695806725793e-06
EX00031,0.0,0.0,0.0,0.0,0.0
EX00037,0.0,0.0,0.0,0.0,0.0
EX00526,0.0,0.0,0.0,0.0,0.0
TCE0706,0.0,0.0,0.0,0.0,0.0
TCE0707,0.0,0.0,0.0,0.0,0.0
TCE0709,0.0,0.0,0.0,0.0,0.0
RC04903,0.0,0.0,0.0,0.0,0.0
RM00115,0.0,0.0,0.0,0.0,0.0
RM00112,0.0,0.0,0.0,0.0,0.0
EX00147,0.0,0.0,0.0,0.0,0.0
TCE1148,0.0,0.0,0.0,0.0,0.0
EX01328,0.0,0.0,0.0,0.0,0.0
EX00141,0.0,0.0,0.0,0.0,0.0
EX00140,0.0,0.0,0.0,0.0,0.0
TCE1143,0.0,0.0,0.0,0.0,0.0
EX00149,0.0,0.0,0.0,0.0,0.0
EX00148,0.0,0.0,0.0,0.0,0.0
TCE5398,0.0,0.0,0.0,0.0,0.0
TCE5399,0.0,0.0,0.0,0.0,0.0
EX05512,0.0,0.0,0.0,0.0,0.0
TCE5390,0.0,0.0,0.0,0.0,0.0
TCE5391,0.0,0.0,0.0,0.0,0.0
TCE5392,0.0,0.0,0.0,0.0,0.0
TCE5393,0.0,0.0,0.0,0.0,0.0
TCE5394,0.0,0.0,0.0,0.0,0.0
TCE5395,0.0,0.0,0.0,0.0,0.0
TCE5396,0.0,0.0,0.0,0.0,0.0
TCE5397,0.0,0.0,0.0,0.0,0.0
RC05985,5.756872826708114e-05,5.756872826708114e-05,5.756872798560963e-05,5.756872797747044e-05,5.756872826708113e-05
RC05982,0.0007603833089373001,0.0007603833089373001,0.0007603833052195485,0.0007603833051120438,0.0007603833089373
RC05983,0.0006236709391344369,0.0006236709391344369,0.0006236709360851147,0.0006236709359969388,0.0006236709391344368
RC05980,0.0007603833089373,0.0007603833089373,0.0007603833052195483,0.0007603833051120438,0.0007603833089373001
RC05981,0.0007603833089373,0.0007603833089373,0.0007603833052195483,0.0007603833051120438,0.0007603833089373002
RC05988,5.756872826708114e-05,5.756872826708114e-05,5.756872798560963e-05,5.756872797747044e-05,5.756872826708113e-05
RC05989,0.0,0.0,0.0,0.0,0.0
RC02088,0.002019065912261301,0.002019065912261301,0.0020190658066173857,0.0020190658035625308,0.002019065912261301
RC02082,0.00015065719402937918,0.00015065719402937918,0.0001504813340934975,0.00015047624883501507,0.0001506571940293792
RC02080,0.0,0.0,0.0,0.0,0.0
RM01220,-0.12514127467084152,-0.12514127467084152,-0.1232984057676663,-0.12323502626785975,-0.12514127467084238
RC02719,0.018845484172928015,0.018845484172928015,0.018845484142441086,0.018845484141559517,0.018845484172928015
EX01921,0.0,0.0,0.0,0.0,0.0
RC02245,0.0001506571940293792,0.0001506571940293792,0.0001504813340934975,0.0001504762488350151,0.0001506571940293792
RC02240,0.003891389393375396,0.003891389393375396,0.003891389282604346,0.0038913892794012334,0.003891389393375396
RC02241,0.007972702775704077,0.007972702775704077,0.00797270289398811,0.007972702897408472,0.007972702775704077
RC07760,0.01431202011115754,0.01431202011115754,0.014264770332633117,0.014263404033164034,0.014312020111157578
RC07761,0.01431202011115754,0.01431202011115754,0.014264770332633117,0.014263404033164034,0.01431202011115758
RC03599,2.000000000000001e-05,2.000000000000001e-05,2.000000000000001e-05,2.000000000000001e-05,2.000000000000001e-05
RC02061,2.1522456289911313e-05,2.1522456289911313e-05,2.1497333441928214e-05,2.1496606976430728e-05,2.152245628991132e-05
RM00935,0.008793926484195332,0.008793926484195332,0.0087939263849441,0.008793926382074106,0.008793926484195334
RC03596,2e-05,2e-05,2e-05,2e-05,2e-05
RC03595,0.0,0.0,0.0,0.0,0.0
TCE5380,0.0,0.0,0.0,0.0,0.0
RMC0184,0.0,0.0,0.0,0.0,0.0
RMC0187,0.0,0.0,0.0,0.0,0.0
RMC0182,0.0,0.0,0.0,0.0,0.0
RMC0183,0.0,0.0,0.0,0.0,0.0
RC03445,0.0,0.0,0.0,0.0,0.0
RM01082,-0.07206136973565708,-0.07206136973565708,-0.07225553989698333,-0.07221337228190863,-0.07301591304137911
RM00842,-0.20472561060829436,-0.20472561060829436,-0.20632143847695578,-0.20637767440816232,-0.20472561060829583
TCE0521,0.0,0.0,0.0,0.0,0.0
TCE5004,0.0,0.0,0.0,0.0,0.0
TCE5005,0.0,0.0,0.0,0.0,0.0
TCE5006,1.4348304193274211e-05,1.4348304193274211e-05,1.4331555627952145e-05,1.4331071317620485e-05,1.4348304193274213e-05
TCE5007,0.0,0.0,0.0,0.0,0.0
RC00801,0.0,0.0,0.0,0.0,0.0
RM02199,0.0034868396211244954,0.0034868396211244954,0.0034868396232238578,0.003486839623284566,0.003486839621124499
TCE0457,0.0,0.0,0.0,0.0,0.0
RM04433,0.07840954463076912,0.07840954463076912,0.07763973885977908,0.0776073886183858,0.07840954463076868
RM04432,0.0,0.0,0.0,0.0,0.0
RC07296,0.0,0.0,0.0,0.0,0.0
RC02665,0.0018365788133339032,0.0018365788133339032,0.0007972368574761613,0.0007570925658715278,0.0018365788133339034
RC07299,0.0,0.0,0.0,0.0,0.0
RC02668,0.0,0.0,0.0,0.0,0.0
RC01687,0.0,0.0,0.0,0.0,0.0
RM00667,0.007030739879125956,0.007030739879125956,0.007030739897038306,0.007030739897556274,0.007030739879125956
TCE1122,0.0,0.0,0.0,0.0,0.0
EX04230,0.0,0.0,0.0,0.0,0.0
TCE0559,0.0,0.0,0.0,0.0,0.0
TCE0558,0.0,0.0,0.0,0.0,0.0
TCE1127,0.0,0.0,0.0,0.0,0.0
RC04231,0.0,0.0,0.0,0.0,0.0
RC04230,0.0,0.0,0.0,0.0,0.0
RC00100,0.03905119436497775,0.03905119436497775,0.03891621541988033,0.038912312297648154,0.03905119436497787
RC08223,0.0,0.0,0.0,0.0,0.0
RC08224,0.0,0.0,0.0,0.0,0.0
RC00103,0.0,0.0,0.0,0.0,0.0
TCM5001,0.0,0.0,0.0,0.0,0.0
TCM5002,0.005429574134498041,0.005429574134498041,0.005436075385151165,0.005436263378737446,0.0054295741344980355
TCM5003,0.0008330999999999999,0.0008330999999999999,0.0008330999999999999,0.0008330999999999999,0.0008330999999999999
TCM5004,-0.0021567679455193702,-0.0021567679455193702,-0.002133959661357533,-0.002133300125005949,-0.002156767945519387
TCM5005,0.0,0.0,0.0,0.0,0.0
TCM5006,0.0,0.0,0.0,0.0,0.0
TCM5007,0.0,0.0,0.0,0.0,0.0
TCM5008,0.0,0.0,0.0,0.0,0.0
TCM5009,0.0,0.0,0.0,0.0,0.0
RC00936,0.0,0.0,0.0,0.0,0.0
DMN0082,0.0,0.0,0.0,0.0,0.0
DMN0083,0.0,0.0,0.0,0.0,0.0
DMN0080,0.007888045295914168,0.007888045295914168,0.00795727821022373,0.007959280185619567,0.007888045295914118
DMN0086,0.0,0.0,0.0,0.0,0.0
DMN0084,0.0,0.0,0.0,0.0,0.0
DMN0085,0.0,0.0,0.0,0.0,0.0
RC00028,0.0,0.0,0.0,0.0,0.0
EX00214,0.0,0.0,0.0,0.0,0.0
TCM1027,0.0,0.0,0.0,0.0,0.0
EX00350,0.0,0.0,0.0,0.0,0.0
RC01998,-0.002095433955032656,-0.002095433955032656,-0.0020954339861207804,-0.002095433987019741,-0.002095433955032656
RC01993,0.0,0.0,0.0,0.0,0.0
RCC0005,1.0,1.0,1.0,1.0,1.0
RC00200,0.0,0.0,0.0,0.0,0.0
RC01752,0.0,0.0,0.0,0.0,0.0
RC01975,0.0,0.0,0.0,0.0,0.0
RM03026,-0.008099252947831941,-0.008099252947831941,-0.007066412242627323,-0.0070264559446089735,-0.00809925294783194
RC01759,0.0,0.0,0.0,0.0,0.0
RC01758,0.0,0.0,0.0,0.0,0.0
RC01978,0.0,0.0,0.0,0.0,0.0
RCC0151,0.0,0.0,0.0,0.0,0.0
RCC0150,0.0,0.0,0.0,0.0,0.0
RCC0153,0.0,0.0,0.0,0.0,0.0
RCC0152,0.0,0.0,0.0,0.0,0.0
RCC0157,0.0,0.0,0.0,0.0,0.0
RCC0156,0.0,0.0,0.0,0.0,0.0
RCC0159,0.0,0.0,0.0,0.0,0.0
RC00115,0.0,0.0,0.0,0.0,0.0
RCC0083,0.0,0.0,0.0,0.0,0.0
RCC0082,0.0,0.0,0.0,0.0,0.0
RCC0081,0.0007856985977799767,0.0007856985977799767,0.0007206893143310839,0.0007188094716686234,0.0007856985977800241
RCC0080,0.0007856985977799767,0.0007856985977799767,0.000720689314331084,0.0007188094716686234,0.0007856985977800241
RCC0087,0.0,0.0,0.0,0.0,0.0
RCC0086,0.0,0.0,0.0,0.0,0.0
RCC0085,0.0,0.0,0.0,0.0,0.0
RCC0084,0.0,0.0,0.0,0.0,0.0
RCC0089,0.0,0.0,0.0,0.0,0.0
RCC0088,0.0,0.0,0.0,0.0,0.0
RM03158,0.0,0.0,0.0,0.0,0.0
RC01372,0.0,0.0,0.0,0.0,0.0
RC01375,0.0,0.0,0.0,0.0,0.0
RC01378,0.0,0.0,0.0,0.0,0.0
EX00334,0.0,0.0,0.0,0.0,0.0
RC00751,0.0,0.0,0.0,0.0,0.0
EX00440,0.0,0.0,0.0,0.0,0.0
EXC0060,0.0,0.0,0.0,0.0,0.0
RC00754,0.0,0.0,0.0,0.0,0.0
EXC0065,0.0,0.0,0.0,0.0,0.0
RC04826,0.0,0.0,0.0,0.0,0.0
RC04824,0.0,0.0,0.0,0.0,0.0
EXC0001,0.0,0.0,0.0,0.0,0.0
RC04823,0.0,0.0,0.0,0.0,0.0
RC02294,-1.5834818743179578e-18,-1.5834818743179578e-18,1.2667854994543662e-17,0.0,0.0
EX00534,2.000000000000001e-05,2.000000000000001e-05,2.000000000000001e-05,2.000000000000001e-05,2.000000000000001e-05
EX00535,0.0,0.0,0.0,0.0,0.0
EX00532,0.0,0.0,0.0,0.0,0.0
TCM0089,0.006837746624549779,0.006837746624549779,0.006837746628039281,0.006837746628140183,0.006837746624549774
TCM0088,0.0,0.0,0.0,0.0,0.0
TCM0087,0.0,0.0,0.0,0.0,0.0
RC01570,0.0020190659122613017,0.0020190659122613017,0.0020190658066173866,0.002019065803562531,0.0020190659122613017
TCM0083,0.0,0.0,0.0,0.0,0.0
TCM0082,0.0,0.0,0.0,0.0,0.0
TCM0081,0.0,0.0,0.0,0.0,0.0
TCM0080,0.0,0.0,0.0,0.0,0.0
EX00020,0.0,0.0,0.0,0.0,0.0
EX00021,0.0,0.0,0.0,0.0,0.0
EX00022,0.0,0.0,0.0,0.0,0.0
EX00025,0.0,0.0,0.0,0.0,0.0
EX00026,0.0,0.0,0.0,0.0,0.0
EX00027,0.0,0.0,0.0,0.0,0.0
TCE0739,0.0,0.0,0.0,0.0,0.0
RC12124,0.0,0.0,0.0,0.0,0.0
TCE0597,0.0,0.0,0.0,0.0,0.0
TCE0732,0.0,0.0,0.0,0.0,0.0
TCE1156,0.0,0.0,0.0,0.0,0.0
TCE1157,0.0,0.0,0.0,0.0,0.0
TCE1154,0.0,0.0,0.0,0.0,0.0
RC01402,0.0,0.0,0.0,0.0,0.0
TCE1150,0.0,0.0,0.0,0.0,0.0
RM00127,0.09547020660966155,0.0954702066095563,0.09547020665827755,0.09547020665968664,0.0954702066095563
TCE1159,0.0,0.0,0.0,0.0,0.0
RC08969,0.0008556332013946899,0.0008556332013946899,0.0008556332140889727,0.0008556332144560473,0.0008556332013946899
EX00157,0.0,0.0,0.0,0.0,0.0
EX00152,0.0,0.0,0.0,0.0,0.0
EX00153,0.0,0.0,0.0,0.0,0.0
EX00158,0.0,0.0,0.0,0.0,0.0
EX00159,0.0,0.0,0.0,0.0,0.0
TCE0785,0.0,0.0,0.0,0.0,0.0
EX05852,0.0,0.0,0.0,0.0,0.0
TCE0536,0.0,0.0,0.0,0.0,0.0
EX01161,0.0,0.0,0.0,0.0,0.0
TCE0600,0.0,0.0,0.0,0.0,0.0
TCE0603,0.0,0.0,0.0,0.0,0.0
TCE0602,0.0,0.0,0.0,0.0,0.0
TCE0605,0.0,0.0,0.0,0.0,0.0
TCM0184,0.0,0.0,0.0,0.0,0.0
TCE0757,0.0,0.0,0.0,0.0,0.0
TCM0185,0.0,0.0,0.0,0.0,0.0
TCM0183,0.0,0.0,0.0,0.0,0.0
RC02051,-0.011357694375200001,-0.011357694375200001,-0.011357694375200001,-0.011357694375200001,-0.011357694375200001
RC02053,0.0,0.0,0.0,0.0,0.0
RC07759,0.01431202011115754,0.01431202011115754,0.014264770332633117,0.014263404033164034,0.014312020111157581
RC07758,0.01431202011115754,0.01431202011115754,0.014264770332633117,0.014263404033164036,0.014312020111157581
RC02057,-0.007489303505629158,-0.007489303505629158,-0.007489303448237219,-0.007489303446577645,-0.007489303505629158
RM00943,0.0023609141928782186,0.0023609141928782186,0.0023609141974521687,0.002360914197584432,0.002360914192878219
RC02058,0.0004002684480005137,0.0004002684480005137,0.00040026841927253234,0.0004002684184418195,0.0004002684480005137
TCM0181,0.0,0.0,0.0009545433123276601,0.0009545433125186603,0.0
RM00945,0.02889328999660801,0.02889328999660801,0.03109265687092308,0.03116634505373214,0.02889328999660813
TCE0752,0.0,0.0,0.0,0.0,0.0
RM01090,0.006274211964432012,0.006274211964432012,0.0062742119617102176,0.00627421196163152,0.006274211964432019
TCE5035,0.0,0.0,0.0,0.0,0.0
TCE0514,0.0,0.0,0.0,0.0,0.0
TCE5036,0.0,0.0,0.0,0.0,0.0
TCE5031,0.0004018000000000001,0.0004018000000000001,0.0004018000000000001,0.0004018000000000001,0.0004018000000000001
RC02186,0.0007603833089372999,0.0007603833089372999,0.0007603833052195483,0.0007603833051120437,0.0007603833089372999
TCE0513,0.0,0.0,0.0,0.0,0.0
EX00268,0.0,0.0,0.0,0.0,0.0
TCE5038,0.0,0.0,0.0,0.0,0.0
RC03454,0.0,0.0,0.0,0.0,0.0
RC03455,0.0,0.0,0.0,0.0,0.0
RM04738,0.0,0.0,0.0,0.0,0.0
RM04739,-0.0054295741344980416,-0.0054295741344980416,-0.005436075385151165,-0.005436263378737446,-0.005429574134498036
RC02478,0.0,0.0,0.0,0.0,0.0
RM04737,0.0,0.0,0.0,0.0,0.0
RM07273,0.0,0.0,0.0,0.0,0.0
RC05623,0.0,0.0,0.0,0.0,0.0
TCE5101,0.0,0.0,0.0,0.0,0.0
RC03057,0.0,0.0,0.0,0.0,0.0
TCE5103,0.0,0.0,0.0,0.0,0.0
RC03055,0.0020190659122613012,0.0020190659122613012,0.002019065806617386,0.002019065803562531,0.0020190659122613017
TCE5105,0.0,0.0,0.0,0.0,0.0
TCE5104,-0.0002774000000000001,-0.0002774000000000001,-0.0002774000000000001,-0.0002774000000000001,-0.0002774000000000001
TCE5107,0.0,0.0,0.0,0.0,0.0
TCE5106,0.0,0.0,0.0,0.0,0.0
RC02697,0.0,0.0,0.0,0.0,0.0
TCE5108,0.0,0.0,0.0,0.0,0.0
RC02695,0.0,0.0,0.0,0.0,0.0
RM02765,-0.019869253187996472,-0.019869253187996472,-0.01986925309788136,-0.019869253095275555,-0.01986925318799648
RC03058,0.0,0.0,0.0,0.0,0.0
RC00233,0.0,0.0,0.0,0.0,0.0
RC00235,0.0,0.0,0.0,0.0,0.0
RC00238,0.0,0.0,0.0,0.0,0.0
EXC0013,2.000000000000001e-05,2.000000000000001e-05,2.000000000000001e-05,2.000000000000001e-05,2.000000000000001e-05
RC07933,0.0,0.0,0.0,0.0,0.0
EX00320,0.0,0.0,0.0,0.0,0.0
RC08218,0.0,0.0,0.0,0.0,0.0
RC04591,0.0,0.0,0.0,0.0,0.0
EX00288,0.22457773228080102,0.22457773228080102,0.22585673221602678,0.22587353618649372,0.224577732280798
RM03815,-0.15403456466744953,-0.15403456466744953,-0.1543910626385894,-0.1544013713215919,-0.1540345646674505
RM05066,0.00677486057193403,0.00677486057193403,0.0067748605783267135,0.006774860578511574,0.006774860571934032
RM05064,0.006774860571934031,0.006774860571934031,0.006774860578326714,0.006774860578511575,0.006774860571934033
RC03634,0.0,0.0,0.0,0.0,0.0
TCM5034,0.0,0.0,0.0,0.0,0.0
TCM5037,0.0,0.0,0.0,0.0,0.0
RC00905,0.020332698159500173,0.020332698159500173,0.02033269816287185,0.020332698162969412,0.02033269815950032
TCM5030,0.012213426948697568,0.012213426948697568,0.012213426963742923,0.012213426964177985,0.012213426948697561
TCM5032,0.0,0.0,0.0,0.0,0.0
EX04317,0.0,0.0,0.0,0.0,0.0
DMN0078,0.0,0.0,0.0,0.0,0.0
DMN0077,0.0,0.0,0.0,0.0,0.0
DMN0075,-1.2055991498067251e-18,-1.2055991498067251e-18,-6.027995749033626e-19,-4.520996811775219e-19,3.013997874516813e-19
DMN0073,0.0,0.0,0.0,0.0,0.0
DMN0072,0.0,0.0,0.0,0.0,0.0
RC00582,0.16984319739151268,0.16984319739151268,0.1701996788057495,0.17020998700998388,0.16984319739151366
TCM1053,0.0,0.0,0.0,0.0,0.0
TCM1051,0.0008538829662669742,0.0008538829662669742,0.0008538829667027356,0.0008538829667153357,0.0008538829662669735
TCM1055,0.0,0.0,0.0,0.0,0.0
TCM1054,-0.001701273977960362,-0.001701273977960362,-0.0017012739788285717,-0.0017012739788536766,-0.0017012739779603606
TCM1059,0.0,0.0,0.0,0.0,0.0
TCM1058,-0.0019531236274474234,-0.0019531236274474234,-0.0019531236284441595,-0.0019531236284729807,-0.001953123627447422
RC00342,-0.13349306614062056,-0.13349306614062056,-0.13281018878780795,-0.132780352214316,-0.1334930661406214
RC01987,0.0,0.0,0.0,0.0,0.0
EX04227,0.0,0.0,0.0,0.0,0.0
RC01960,0.0,0.0,0.0,0.0,0.0
RC01961,0.0016662,0.0016662,0.0016662,0.0016662,0.0016662
RM03038,0.010679933562990561,0.010679933562990561,0.010679933568440842,0.010679933568598442,0.010679933562990553
RM03035,0.0,0.0,0.0,0.0,0.0
RC01968,0.0022916946119868557,0.0022916946119868557,0.0022916945551016707,0.0022916945534567487,0.0022916946119868557
RC01969,0.0022916946119868552,0.0022916946119868552,0.0022916945551016703,0.0022916945534567482,0.0022916946119868552
EX11061,0.0,0.0,0.0,0.0,0.0
RC00699,0.0,0.0,0.0,0.0,0.0
RC00698,0.0,0.0,0.0,0.0,0.0
RC01186,0.0,0.0,0.0,0.0,0.0
RC01187,0.00016877775468515486,0.00016877775468515486,0.0001687777571891631,0.00016877775726157032,0.00016877775468515486
RCC0148,0.008439677857711143,0.008439677857711143,0.008439677857711143,0.008439677857711143,0.008439677857711143
RCC0149,0.001787189825745851,0.001787189825745851,0.001787189825745851,0.001787189825745851,0.001787189825745851
RCC0147,0.001141893358137906,0.001141893358137906,0.001141893358137906,0.001141893358137906,0.001141893358137906
RCC0144,0.0,0.0,0.0,0.0,0.0
RCC0145,0.0,0.0,0.0,0.0,0.0
RCC0142,0.0,0.0,0.0,0.0,0.0
RCC0143,0.0,0.0,0.0,0.0,0.0
RCC0140,0.0,0.0,0.0,0.0,0.0
RCC0141,0.0,0.0,0.0,0.0,0.0
RM00432,-0.1909398403995917,-0.1909398403995917,-0.19093984049703383,-0.19093984049985144,-0.1909398403995915
RCC0090,0.0,0.0,0.0,0.0,0.0
RCC0091,0.0,0.0,0.0,0.0,0.0
RCC0092,0.0,0.0,0.0,0.0,0.0
RCC0093,0.0,0.0,0.0,0.0,0.0
RCC0094,0.0,0.0,0.0,0.0,0.0
RCC0095,0.0,0.0,0.0,0.0,0.0
RCC0096,0.0,0.0,0.0,0.0,0.0
RCC0097,0.0,0.0,0.0,0.0,0.0
RCC0098,0.0,0.0,0.0,0.0,0.0
RCC0099,0.0,0.0,0.0,0.0,0.0
RC00765,0.011385080845755817,0.011385080845755817,0.011385080895843057,0.011385080897291403,0.011385080845755817
RC08759,0.0,0.0,0.0,0.0,0.0
RC01364,0.0009545433057227071,0.0009545433057227071,0.0009545433123276635,0.0009545433125186604,0.0009545433057227163
RC00768,0.010119149293756331,0.010119149293756331,0.010119149315115589,0.010119149315733223,0.010119149293756331
TCE0504,1.4348304193274201e-05,1.4348304193274201e-05,1.4331555627952138e-05,1.433107131762048e-05,1.434830419327421e-05
EX00301,0.0,0.0,0.0,0.0,0.0
EXC0072,0.0,0.0,0.0,0.0,0.0
RM00549,0.0,-2.513310154697096e-16,-2.513310154697096e-16,-2.513310154697096e-16,-2.513310154697096e-16
TCM1279,0.0027377000000000005,0.0027377000000000005,0.0027377000000000005,0.0027377000000000005,0.0027377000000000005
TCM1278,0.0,0.0,0.0,0.0,0.0
TCM1277,0.0,0.0,0.0,0.0,0.0
TCM1276,-4.950032835978517,-4.950032835978517,-4.937780365785153,-4.93890664806045,-4.949078292672796
TCM1275,0.6633393707268166,0.6633393707268166,0.6666479023999143,0.6661987064897115,0.6633393707268164
TCM1274,-0.007030739879125956,-0.007030739879125956,-0.007030739897038305,-0.0070307398975562735,-0.007030739879125956
EX00942,0.0,0.0,0.0,0.0,0.0
EX00940,0.0,0.0,0.0,0.0,0.0
RCC0116,0.0,0.0,0.0,0.0,0.0
RCC0111,0.0,0.0,0.0,0.0,0.0
RM01875,0.0,0.0,0.0,0.0,0.0
RC01569,0.0020190659122613017,0.0020190659122613017,0.0020190658066173866,0.002019065803562531,0.0020190659122613017
EX00016,0.0,0.0,0.0,0.0,0.0
TCM0098,0.0,0.0,0.0,0.0,0.0
TCM0099,0.0,0.0,0.0,0.0,0.0
EX00012,0.0,0.0,0.0,0.0,0.0
RC01560,0.0,0.0,0.0,0.0,0.0
RC01561,0.01364608915875878,0.01364608915875878,0.013646089185156939,0.013646089185920486,0.013646089158759128
TCM0096,0.0,0.0,0.0,0.0,0.0
RCC0112,0.0,0.0,0.0,0.0,0.0
TCM0090,0.0,0.0,0.0,0.0,0.0
TCM0091,0.0,0.0,0.0,0.0,0.0
TCM0092,0.0,0.0,0.0,0.0,0.0
RC01567,0.0,0.0,0.0,0.0,0.0
EX00785,0.0,0.0,0.0,0.0,0.0
EX00780,0.0,0.0,0.0,0.0,0.0
RC01931,0.0,0.0,0.0,0.0,0.0
RC02466,0.0,0.0,0.0,0.0,0.0
EX00130,0.0,0.0,0.0,0.0,0.0
TCE0729,0.0,0.0,0.0,0.0,0.0
RM00130,0.0,0.0,0.0,0.0,0.0
RM04125,-0.15403456466744953,-0.15403456466744953,-0.1543910626385894,-0.15440137132159187,-0.1540345646674505
TCE0723,0.0,0.0,0.0,0.0,0.0
EX02946,0.0,0.0,0.0,0.0,0.0
TCE0726,0.0345106392439481,0.0345106392439481,0.03451063913421542,0.03451063913104253,0.03451063924394845
RM00138,0.0,0.0,0.0,0.0,0.0
RC01415,-0.0020190659122613017,-0.0020190659122613017,-0.002019065806617386,-0.002019065803562531,-0.0020190659122613017
TCE1121,0.0,0.0,0.0,0.0,0.0
RC01410,0.0,0.0,0.0,0.0,0.0
TCE1124,0.0,0.0,0.0,0.0,0.0
EX00160,0.0,0.0,0.0,0.0,0.0
EX00163,0.0,0.0,0.0,0.0,0.0
EX00162,0.0,0.0,0.0,0.0,0.0
EX00164,0.0,0.0,0.0,0.0,0.0
EX00167,0.0,0.0,0.0,0.0,0.0
RM02619,0.0,0.0,0.0,0.0,0.0
TCM1072,0.0,0.0,0.0,0.0,0.0
TCE0797,0.0,0.0,0.0,0.0,0.0
TCE0615,0.0,0.0,0.0,0.0,0.0
TCE0612,0.0,0.0,0.0,0.0,0.0
TCE0611,0.11228886614040053,0.11228886614040053,0.1129283661080134,0.11293676809324686,0.11228886614039903
TCE0618,0.0,0.0,0.0,0.0,0.0
TCE0619,0.0,0.0,0.0,0.0,0.0
RC02266,0.0,0.0,0.0,0.0,0.0
RC02265,0.0,0.0,0.0,0.0,0.0
RC02269,0.020332698159500173,0.020332698159500173,0.02033269816287185,0.020332698162969415,0.02033269815950032
EX01762,0.0,0.0,0.0,0.0,0.0
RM10092,0.023986697206909113,0.023986697206909113,0.024009505398234043,0.024010164931901123,0.02398669720690911
RC02519,0.000954543305722707,0.000954543305722707,0.0009545433123276635,0.0009545433125186604,0.0009545433057227164
RC07034,0.0,0.0,0.0,0.0,0.0
EX02415,0.0,0.0,0.0,0.0,0.0
RC04452,0.0,0.0,0.0,0.0,0.0
RC02869,0.0,0.0,0.0,0.0,0.0
EX00523,0.0,0.0,0.0,0.0,0.0
EX11499,0.0,0.0,0.0,0.0,0.0
TCE5022,0.0,0.0,0.0,0.0,0.0
TCE5023,0.0,0.0,0.0,0.0,0.0
TCE5020,0.0,0.0,0.0,0.0,0.0
TCE5021,0.0,0.0,0.0,0.0,0.0
TCE0507,0.0,0.0,0.0,0.0,0.0
TCE5024,0.0,0.0,0.0,0.0,0.0
EX02094,0.0,0.0,0.0,0.0,0.0
TCE0508,0.0,0.0,0.0,0.0,0.0
RC02464,0.0,0.0,0.0,0.0,0.0
RM01393,0.0,0.0,0.0,0.0,0.0
TCE0464,0.0,0.0,0.0,0.0,0.0
RC07109,0.0,0.0,0.0,0.0,0.0
RC03482,0.0,0.0,0.0,0.0,0.0
RC03336,0.0,0.0,0.0,0.0,0.0
RC03332,0.0,0.0,0.0,0.0,0.0
RC07324,0.00016877775468515486,0.00016877775468515486,0.00016877775718916307,0.0001687777572615703,0.00016877775468515486
RC03020,0.0,0.0,0.0,0.0,0.0
RM01175,0.0062626741344980405,0.0062626741344980405,0.006269175385151163,0.006269363378737445,0.006262674134498036
RM01177,0.0062626741344980405,0.0062626741344980405,0.006269175385151163,0.006269363378737445,0.006262674134498036
TCE5119,0.0,0.0,0.0,0.0,0.0
TCE5116,0.0,0.0,0.0,0.0,0.0
TCE5117,0.0,0.0,0.0,0.0,0.0
TCE5114,0.0,0.0,0.0,0.0,0.0
RC02687,0.0,0.0,0.0,0.0,0.0
TCE5112,0.0,0.0,0.0,0.0,0.0
TCE5113,0.0,0.0,0.0,0.0,0.0
TCE5111,0.0,0.0,0.0,0.0,0.0
RC00220,0.0,0.0,0.0,0.0,0.0
RM01608,0.0,0.0,0.0,0.0,0.0
EX02630,0.0,0.0,0.0,0.0,0.0
RC09371,0.0,0.0,0.0,0.0,0.0
RC03936,0.0018365788133339028,0.0018365788133339028,0.0013867669359831204,0.001570378451302714,0.0018365788133339034
TCM5029,0.0,0.0,0.0,0.0,0.0
RM03665,0.007170268356605668,0.007170268356605668,0.007170268360264866,0.007170268360370674,0.007170268356605662
TCM5027,0.0008415951627245053,0.0008415951627245053,0.0008415784145813513,0.000841577930283227,0.0008415951627245048
DMN0068,0.0,0.0,0.0,0.0,0.0
RC09086,0.0,0.0,0.0,0.0,0.0
RCC0229,0.0,0.0,0.0,0.0,0.0
RCC0228,0.0,0.0,0.0,0.0,0.0
RCC0227,0.0,0.0,0.0,0.0,0.0
RCC0226,0.0,0.0,0.0,0.0,0.0
DMN0066,0.0,0.0,0.0,0.0,0.0
DMN0067,0.0,0.0,0.0,0.0,0.0
DMN0060,0.0,0.0,0.0,0.0,0.0
DMN0061,0.0,0.0,0.0,0.0,0.0
DMN0062,0.0,0.0,0.0,0.0,0.0
DMN0063,0.0,0.0,0.0,0.0,0.0
TCM1042,0.0,0.0,0.0,0.0,0.0
RC04674,0.0,0.0,0.0,0.0,0.0
TCE7666,0.0,0.0,0.0,0.0,0.0
RC00359,0.0,0.0,0.0,0.0,0.0
TCM1047,0.0,0.0,0.0,0.0,0.0
RM00734,-0.0025616488988009223,-0.0025616488988009223,-0.0025616489001082064,-0.0025616489001460073,-0.00256164889880092
RC00355,0.15002080285695574,0.15002080285695574,0.14933792558529085,0.14930808901414583,0.1500208028569567
RC00352,0.0,0.0,0.0,0.0,0.0
RC08379,0.0,0.0,0.0,0.0,0.0
EX00256,0.0,0.0,0.0,0.0,0.0
EX01060,0.0,0.0,0.0,0.0,0.0
TCM5111,0.0,0.0,0.0,0.0,0.0
TCE0573,0.0,0.0,0.0,0.0,0.0
RM02396,0.0,0.0,0.0,0.0,0.0
RC01951,0.0,0.0,0.0,0.0,0.0
TCE0694,0.0,0.0,0.0,0.0,0.0
RC00685,0.0,0.0,0.0,0.0,0.0
TCE5118,0.0,0.0,0.0,0.0,0.0
RC01956,0.0,0.0,0.0,0.0,0.0
RC01959,0.0,0.0,0.00044981187816659407,0.00026620036287059205,0.0
TCE5502,0.0,0.0,0.0,0.0,0.0
RM03045,0.0,0.0,0.0,0.0,0.0
RC00178,0.0,0.0,0.0,0.0,0.0
RCC0139,-0.4747006697045542,-0.4747006697045542,-0.4744517006020565,-0.47444450128042626,-0.4747006697045542
RCC0138,0.0,0.0,0.0,0.0,0.0
RCC0131,0.0,0.0,0.0,0.0,0.0
RCC0130,0.002570223346866177,0.002570223346866177,0.002570223346866177,0.002570223346866177,0.002570223346866177
RCC0137,-0.0074979,-0.0074979,-0.0074979,-0.0074979,-0.0074979
RCC0136,0.0007603833089372999,0.0007603833089372999,0.0007603833052195483,0.0007603833051120437,0.0007603833089372999
RC00177,0.013526280417518423,0.013526280417518423,0.01352626386941784,0.013526263390904254,0.013526280417518424
RC00127,0.4645023583839492,0.4645023583839492,0.4643830476716535,0.46437959762028885,0.46450235838394904
TCE5115,0.0,0.0,0.0,0.0,0.0
RC03346,0.0,0.0,0.0,0.0,0.0
RC10059,0.0,0.0,0.0,0.0,0.0
EX00376,0.0,0.0,0.0,0.0,0.0
RC06517,0.0008556332013946898,0.0008556332013946898,0.0008556332140889727,0.0008556332144560473,0.0008556332013946898
RC06518,0.0,0.0,0.0,0.0,0.0
RC06519,0.0,0.0,0.0,0.0,0.0
RCC0046,0.005431840000000001,0.005431840000000001,0.005431840000000001,0.005431840000000001,0.005431840000000001
RCC0045,0.006789800000000001,0.006789800000000001,0.006789800000000001,0.006789800000000001,0.006789800000000001
RCC0044,0.006789800000000001,0.006789800000000001,0.006789800000000001,0.006789800000000001,0.006789800000000001
RCC0043,0.0,0.0,0.0,0.0,0.0
RCC0042,8.006182631573818e-05,8.006182631573818e-05,8.006182592429089e-05,8.006182591297158e-05,8.006182631573818e-05
RCC0041,0.00018630892228207273,0.00018630892228207273,0.00018630892137115016,0.00018630892134480944,0.0001863089222820727
RCC0040,0.00015770430860810028,0.00015770430860810028,0.0001577043078370346,0.00015770430781473805,0.00015770430860810028
RC08767,0.0,0.0,0.0,0.0,0.0
RC08766,0.0,0.0,0.0,0.0,0.0
RC08761,0.0,0.0,0.0,0.0,0.0
RC01315,0.0,0.0,0.0,0.0,0.0
RC00575,0.0,0.0,0.0,0.0,0.0
RC00570,0.0031385708771609097,0.0031385708771609097,0.003138571013403061,0.003138571017342711,0.00313857087716091
RC00571,0.0,0.0,0.0,0.0,0.0
TCM1048,0.0,0.0,0.0,0.0,0.0
RC00573,0.0,0.0,0.0,0.0,0.0
RC01083,0.0,0.0,0.0,0.0,0.0
RC01082,-0.0009545433057227071,-0.0009545433057227071,0.0,0.0,0.0
RC00578,0.0,0.0,0.0,0.0,0.0
TCM5056,0.0,0.0,0.0,0.0,0.0
EX00143,0.0,0.0,0.0,0.0,0.0
DMN1005,0.0,0.0,0.0,0.0,0.0
DMN1004,0.0,0.0,0.0,0.0,0.0
DMN1007,0.0,0.0,0.0,0.0,0.0
DMN1006,0.0,0.0,0.0,0.0,0.0
DMN1001,0.0,0.0,0.0,0.0,0.0
EX00954,0.0,0.0,0.0,0.0,0.0
TCM5053,0.0,0.0,0.0,0.0,0.0
EX00956,0.0,0.0,0.0,0.0,0.0
EX00483,0.0,0.0,0.0,0.0,0.0
TCM5052,0.0,0.0,0.0,0.0,0.0
RC01227,0.0,0.0,0.0,0.0,0.0
RC00161,0.0,0.0,0.0,0.0,0.0
RC01224,0.0059377933348417795,0.0059377933348417795,0.0059377767797044395,0.005937776300987373,0.0059377933348417795
RC01220,0.12278036047796329,0.12278036047796329,0.12093749157021413,0.12087411207027535,0.12278036047796419
TCM5050,0.0,0.0,0.0,0.0,0.0
TCE5094,0.0,0.0,0.0,0.0,0.0
EX01326,0.0,0.0,0.0,0.0,0.0
RC01229,0.0022916946119868557,0.0022916946119868557,0.0022916945551016703,0.0022916945534567487,0.0022916946119868557
RM00472,0.0,0.0,0.0,0.0,0.0
EX00002,0.0,0.0,0.0,0.0,0.0
RC01795,0.0009866413353742842,0.0009866413353742842,0.000986641335556357,0.000986641335561625,0.0009866413353742931
RC01794,0.0,0.0,0.0,0.0,0.0
RC01793,0.002823220148708189,0.002823220148708189,0.0017838781930325177,0.001743733901433153,0.0028232201487081963
EX00007,-0.7303732030268305,-0.7303732030268305,-0.7279268879315381,-0.7277855180691116,-0.7303732030268304
EX00559,0.0,0.0,0.0,0.0,0.0
EX00009,0.06142971304397636,0.06142971304397636,0.06142971266990403,0.06142971265909066,0.06142971304397712
RC01799,0.0005063977938794698,0.0005063977938794698,0.0005063978013924518,0.000506397801609701,0.0005063977938794698
EX00794,0.0,0.0,0.0,0.0,0.0
TCM0222,0.0,0.0,0.0,0.0,0.0
TCM0221,0.0,0.0,0.0,0.0,0.0
TCM0220,0.0,0.0,0.0,0.0,0.0
TCM0224,0.0,0.0,0.0,0.0,0.0
RM04138,0.004117444018912643,0.004117444018912643,0.004140252300352685,0.0041409118366255715,0.0041174440189126315
TCE1130,0.0,0.0,0.0,0.0,0.0
TCE1132,0.0,0.0,0.0,0.0,0.0
TCE1133,0.0,0.0,0.0,0.0,0.0
RM00383,0.0,0.0,0.0,0.0,0.0
TCM1085,0.03326724439056166,0.03326724439056166,0.03546661126710889,0.035540299449982486,0.03326724439056177
TCM0137,0.0,0.0,0.0,0.0,0.0
TCM0135,0.013945128928539703,0.013945128928539703,0.013945128938591587,0.013945128938882249,0.0139451289285397
TCM0134,0.0,0.0,0.0,0.0,0.0
TCM0132,0.008568798943279828,0.008568798943279828,0.00856879894797266,0.008568798948108362,0.008568798943279823
TCM0131,0.0,0.0,0.0,0.0,0.0
TCM0130,0.0,0.0,0.0,0.0,0.0
TCM0139,0.0,0.0,5.489639840581245e-19,0.0,0.0
RMC0089,0.0,0.0,0.0,0.0,0.0
RMC0088,0.0,0.0,0.0,0.0,0.0
RMC0087,0.0,0.0,0.0,0.0,0.0
TCE0662,0.47703861183618185,0.47703861183618185,0.47959664525170115,0.47963025416264177,0.47703861183617585
TCE0660,0.0,0.0,0.0,0.0,0.0
EX05519,0.0,0.0,0.0,0.0,0.0
EX01194,0.0,0.0,0.0,0.0,0.0
EX05684,2.000000000000001e-05,2.000000000000001e-05,2.000000000000001e-05,2.000000000000001e-05,2.000000000000001e-05
EX01755,0.0,0.0,0.0,0.0,0.0
EX01205,0.0,0.0,0.0,0.0,0.0
RC02529,0.0,0.0,0.0,0.0,0.0
RC02038,-0.005498171256129964,-0.005498171256129964,-0.005498171169197335,-0.005498171166683545,-0.005498171256129964
RC02521,0.000954543305722707,0.000954543305722707,0.0009545433123276635,0.0009545433125186604,0.0009545433057227164
RC02030,0.00016881001959715743,0.00016881001959715743,0.00016881002210164433,0.00016881002217406538,0.00016881001959715743
RC02037,0.004503977371108383,0.004503977371108383,0.004503977437929964,0.004503977439862212,0.004503977371108383
RC02035,0.0,0.0,0.0,0.0,0.0
EX01996,0.0,0.0,0.0,0.0,0.0
TCE5099,0.0,0.0,0.0,0.0,0.0
TCE5098,0.0,0.0,0.0,0.0,0.0
EX06341,0.0,0.0,0.0,0.0,0.0
TCE5349,0.0,0.0,0.0,0.0,0.0
TCE5348,0.0,0.0,0.0,0.0,0.0
TCE5347,0.0,0.0,0.0,0.0,0.0
RC02326,0.00023677131651314578,0.00023677131651314578,0.00023677137339833093,0.00023677137504325284,0.0002367713165131458
TCE5345,0.0,0.0,0.0,0.0,0.0
TCE5344,0.0,0.0,0.0,0.0,0.0
RC02323,-1.5834818743179578e-18,-1.5834818743179578e-18,1.2667854994543662e-17,0.0,0.0
TCE5342,0.0,0.0,0.0,0.0,0.0
TCE5341,0.0,0.0,0.0,0.0,0.0
TCE5340,0.0,0.0,0.0,0.0,0.0
RC02147,0.0,0.0,0.0,0.0,0.0
RC07641,0.0,0.0,0.0,0.0,0.0
RC02142,0.0,0.0,0.0,0.0,0.0
TCE0450,0.0,0.0,0.0,0.0,0.0
RC03321,0.0013579600000000003,0.0013579600000000003,0.0013579600000000003,0.0013579600000000003,0.0013579600000000003
TCE5307,0.0,0.0,0.0,0.0,0.0
EX03917,0.0,0.0,0.0,0.0,0.0
TCE5304,0.0,0.0,0.0,0.0,0.0
EX03284,0.0,0.0,0.0,0.0,0.0
RC03038,0.04623482481903634,0.04623482481903634,0.04623482480480679,0.04623482480439533,0.046234824819036346
TCE0401,0.0,0.0,0.0,0.0,0.0
RM01616,0.0,0.0,0.0,0.0,0.0
RC04208,0.0,0.0,0.0,0.0,0.0
RC04209,0.0,0.0,0.0,0.0,0.0
RC00963,0.009072048800442808,0.009072048800442808,0.009072048834875382,0.009072048835871118,0.009072048800442954
RC00961,0.0,0.0,0.0,0.0,0.0
RC04073,0.0,0.0,0.0,0.0,0.0
RC00965,0.0,0.0,0.0,0.0,0.0
RC00964,0.0,0.0,0.0,0.0,0.0
RC04866,0.0,0.0,0.0,0.0,0.0
RC04867,0.0,0.0,0.0,0.0,0.0
DMN0064,0.0,0.0,0.0,0.0,0.0
RM01923,0.0,0.0,0.0,0.0,0.0
RM02016,0.0,0.0,0.0,0.0,0.0
DMN0059,0.0,0.0,0.0,0.0,0.0
DMN0058,0.0,0.0,0.0,0.0,0.0
TCM1287,-0.6285219300595366,-0.6285219300595366,-0.6259691526810528,-0.6258347944316781,-0.6285219300595375
RC01639,0.0,0.0,0.0,0.0,0.0
RCC0234,0.0,0.0,0.0,0.0,0.0
DMN0055,0.0,0.0,0.0,0.0,0.0
DMN0054,0.0,0.0,0.0,0.0,0.0
RCC0232,0.0,0.0,0.0,0.0,0.0
RCC0233,0.0,0.0,0.0,0.0,0.0
RC00369,0.0,0.0,0.0,0.0,0.0
RC04666,0.0020190659122613012,0.0020190659122613012,0.0020190658066173857,0.0020190658035625308,0.0020190659122613017
TCM1078,0.0,0.0,0.0,0.0,0.0
RC03814,0.00826264138813329,0.00826264138813329,0.008245901682238486,0.008245417628090704,0.008262641388133308
TCM1075,-0.003397965399751134,-0.003397965399751134,-0.0033979654014852146,-0.003397965401535357,-0.003397965399751131
TCM1077,0.20472561060829436,0.20472561060829436,0.20632143847695578,0.20637767440816232,0.20472561060829583
TCM1076,0.0,0.0,0.0,0.0,0.0
RM00705,0.02033269815950017,0.02033269815950017,0.020332698162871848,0.02033269816296941,0.020332698159500312
TCM1070,0.0033801125246737725,0.0033801125246737725,0.0033801125263987425,0.0033801125264486206,0.00338011252467377
RC05795,0.0,0.0,0.0,0.0,0.0
RM00706,0.0,0.0,0.0,0.0,0.0
TCM1043,0.0,0.0,0.0,0.0,0.0
TCM1044,0.0,-2.513310154697096e-16,-2.513310154697096e-16,-2.513310154697096e-16,-2.513310154697096e-16
TCM1045,0.0,0.0,0.0,0.0,0.0
TCM1285,0.0,0.0,0.0,0.0,0.0
RC01768,0.01566515507102008,0.01566515507102008,0.015665154991774323,0.015665154989483013,0.01566515507102043
RC01769,0.0,0.0,0.0,0.0,0.0
TCM5059,0.00758848708267664,0.00758848708267664,0.007588487089713401,0.007588487089916881,0.007588487082676645
TCE0735,0.0,0.0,0.0,0.0,0.0
TCE9072,0.0,0.0,0.0,0.0,0.0
RCC0128,0.002095433955032656,0.002095433955032656,0.0020954339861207804,0.0020954339870197405,0.002095433955032656
RCC0129,0.0,0.0,0.0,0.0,0.0
TCE0743,0.0,0.0,0.0,0.0,0.0
RC01168,0.0005243353795443157,0.0005243353795443157,0.0005243353833024516,0.0005243353834111251,0.0005243353795443157
RM00410,0.004921330130605972,0.004921330130605972,0.004944314278586851,0.004944978900309218,0.004921330130605969
RCC0120,0.0017867409107330601,0.0017867409107330601,0.0017867625588216698,0.0017867631848091964,0.0017867409107330601
RCC0121,0.0,0.0,0.0,0.0,0.0
RCC0122,0.0,0.0,0.0,0.0,0.0
RC01167,0.0,0.0,0.0,0.0,0.0
RCC0124,0.00018419142122269764,0.00018419142122269764,0.00018244319399140474,0.00018239264133248112,0.00018419142122269892
RCC0125,0.0,0.0,0.0,0.0,0.0
RCC0126,0.0,0.0,0.0,0.0,0.0
RCC0127,0.0,0.0,0.0,0.0,0.0
RC01890,0.004557849019181915,0.004557849019181915,0.004557849086802742,0.004557849088758102,0.004557849019181915
RC01896,0.0,0.0,0.0,0.0,0.0
EX11135,0.0,0.0,0.0,0.0,0.0
SNK0029,0.0,0.0,0.0,0.0,0.0
SNK0028,0.0,0.0,0.0,0.0,0.0
RC06521,0.0,0.0,0.0,0.0,0.0
RC06520,0.0,0.0,0.0,0.0,0.0
RC06522,0.0,0.0,0.0,0.0,0.0
EXC0052,0.0,0.0,0.0,0.0,0.0
RCC0055,0.0008331,0.0008331,0.0008331,0.0008331,0.0008331
RCC0056,0.005692709780493267,0.005692709780493267,0.005692709780493267,0.005692709780493267,0.005692709780493267
EXC0051,0.0,0.0,0.0,0.0,0.0
RCC0050,0.0,0.0,0.0,0.0,0.0
RCC0051,0.0,0.0,0.0,0.0,0.0
EXC0054,0.0,0.0,0.0,0.0,0.0
RCC0053,0.0,0.0,0.0,0.0,0.0
RC01301,0.0,0.0,0.0,0.0,0.0
EXC0058,0.0,0.0,0.0,0.0,0.0
EXC0059,0.0,0.0,0.0,0.0,0.0
RCC0058,0.0008331,0.0008331,0.0008331,0.0008331,0.0008331
RC00782,2.000000000000001e-05,2.000000000000001e-05,2.000000000000001e-05,2.000000000000001e-05,2.000000000000001e-05
RC00549,0.0,0.0,0.0,0.0,0.0
RC00548,0.0002774000000000001,0.0002774000000000001,0.0002774000000000001,0.0002774000000000001,0.0002774000000000001
RC01092,0.0,0.0,0.0,0.0,0.0
RC01093,0.0,0.0,0.0,0.0,0.0
RC01095,0.0,0.0,0.0,0.0,0.0
TCM1096,0.0,0.0,0.0,0.0,0.0
TCM1095,0.0,0.0,0.0,0.0,0.0
TCM1091,0.0,0.0,0.0,0.0,0.0
TCM1098,0.0,0.0,0.0,0.0,0.0
RC01234,0.0,0.0,0.0,0.0,0.0
RC06238,0.0007603833089372999,0.0007603833089372999,0.0007603833052195483,0.0007603833051120438,0.0007603833089372999
RC01230,0.0,0.0,0.0,0.0,0.0
RC01231,0.0,0.0,0.0,0.0,0.0
RM08761,0.0,0.0,0.0,0.0,0.0
RM08767,0.0,0.0,0.0,0.0,0.0
RM08766,0.0,0.0,0.0,0.0,0.0
RC01786,0.0,0.0,0.0,0.0,0.0
RC01787,0.0097790499268119,0.0097790499268119,0.009779049915658644,0.009779049915336131,0.0097790499268119
EX00565,2.000000000000001e-05,2.000000000000001e-05,2.000000000000001e-05,2.000000000000001e-05,2.000000000000001e-05
EX00818,0.0,0.0,0.0,0.0,0.0
EX00811,0.0,0.0,0.0,0.0,0.0
EX00584,0.0,0.0,0.0,0.0,0.0
EX00583,0.0,0.0,0.0,0.0,0.0
EX05688,0.0,0.0,0.0,0.0,0.0
EX00588,0.0,0.0,0.0,0.0,0.0
EXC0203,0.0,0.0,0.0,0.0,0.0
EXC0202,0.0,0.0,0.0,0.0,0.0
EXC0201,0.0,0.0,0.0,0.0,0.0
EXC0207,0.0,0.0,0.0,0.0,0.0
EX01697,0.0,0.0,0.0,0.0,0.0
EXC0208,0.0,0.0,0.0,0.0,0.0
RC10951,0.0,0.0,0.0,0.0,0.0
EX06424,0.0,0.0,0.0,0.0,0.0
RC01431,0.0,0.0,0.0,0.0,0.0
TCM0124,0.0,0.0,0.0,0.0,0.0
TCM0125,0.0,0.0,0.0,0.0,0.0
TCM0126,0.0,0.0,0.0,0.0,0.0
TCM0127,0.0,0.0,0.0,0.0,0.0
TCM0121,0.0,0.0,0.0,0.0,0.0
EX00101,0.0,0.0,0.0,0.0,0.0
TCM0128,0.0,0.0,0.0,0.0,0.0
TCM0129,0.0,0.0,0.0,0.0,0.0
RC01818,-0.0069810803350185205,-0.0069810803350185205,-0.006981080300885835,-0.0069810802998988356,-0.0069810803350185205
RMC0098,0.0,0.0,0.0,0.0,0.0
RMC0099,0.0,0.0,0.0,0.0,0.0
RCC0033,1.4348304193274211e-05,1.4348304193274211e-05,1.4331555627952147e-05,1.4331071317620489e-05,1.4348304193274218e-05
RMC0092,0.0,0.0,0.0,0.0,0.0
RMC0093,0.0,0.0,0.0,0.0,0.0
RMC0090,0.0,0.0,0.0,0.0,0.0
RMC0091,0.0,0.0,0.0,0.0,0.0
RMC0096,0.0,0.0,0.0,0.0,0.0
RMC0097,0.0,0.0,0.0,0.0,0.0
RMC0094,0.0,0.0,0.0,0.0,0.0
RMC0095,0.0,0.0,0.0,0.0,0.0
TCE0670,0.0,0.0,0.0,0.0,0.0
TCE0673,0.0,0.0,0.0,0.0,0.0
TCE0674,0.0,0.0,0.0,0.0,0.0
TCE5008,2.000000000000001e-05,2.000000000000001e-05,2.000000000000001e-05,2.000000000000001e-05,2.000000000000001e-05
RM04096,0.004117444018912643,0.004117444018912643,0.004140252300352685,0.0041409118366255715,0.0041174440189126315
RCC0034,7.174152096637109e-06,7.174152096637109e-06,7.165777813976075e-06,7.165535658810248e-06,7.174152096637112e-06
EX01185,0.0,0.0,0.0,0.0,0.0
EX01181,0.0,0.0,0.0,0.0,0.0
TCE1211,0.0,0.0,0.0,0.0,0.0
EX01211,0.0,0.0,0.0,0.0,0.0
RM00081,0.6633393707268166,0.6633393707268166,0.6666479023999142,0.6661987064897114,0.6633393707268163
RC02029,0.00016881001959715743,0.00016881001959715743,0.00016881002210164433,0.00016881002217406535,0.00016881001959715743
RM01282,0.0,0.0,0.0,0.0,0.0
RC02024,0.0,0.0,0.0,0.0,0.0
RC04361,0.002095433955032656,0.002095433955032656,0.0020954339861207804,0.002095433987019741,0.002095433955032656
TCE5417,0.0,0.0,0.0,0.0,0.0
TCE5416,0.0,0.0,0.0,0.0,0.0
TCE5414,0.0,0.0,0.0,0.0,0.0
TCE5413,0.0,0.0,0.0,0.0,0.0
TCE5412,0.0,0.0,0.0,0.0,0.0
TCE5358,0.0,0.0,0.0,0.0,0.0
RC07168,0.0,0.0,0.0,0.0,0.0
TCE5354,0.0,0.0,0.0,0.0,0.0
RC02335,0.004097737219930306,0.004097737219930306,0.004097737199895188,0.004097737199315841,0.004097737219930306
TCE5356,0.0,0.0,-0.0010393419566735536,-0.0010794862483017788,0.0
TCE5357,0.0,0.0,0.0,0.0,0.0
TCE5350,0.0,0.0,0.0,0.0,0.0
RC02331,0.0,0.0,0.0,0.0,0.0
TCE5352,0.0,0.0,0.0,0.0,0.0
TCE5353,0.0,0.0,0.0,0.0,0.0
EX02505,0.0,0.0,0.0,0.0,0.0
RC08174,0.002095433955032656,0.002095433955032656,0.0020954339861207804,0.002095433987019741,0.002095433955032656
RC08177,0.0,0.0,0.0,0.0,0.0
RC03315,0.0,0.0,0.0,0.0,0.0
RM02480,7.174152096637105e-06,7.174152096637105e-06,7.165777813976072e-06,7.165535658810243e-06,7.1741520966371066e-06
RM02488,0.0018365788133339034,0.0018365788133339034,0.0007972368574761614,0.0007570925658715279,0.0018365788133339037
TCE1158,0.0,0.0,0.0,0.0,0.0
RMC0074,0.0,0.0,0.0,0.0,0.0
RMC0075,0.0,0.0,0.0,0.0,0.0
RMC0077,0.0,0.0,0.0,0.0,0.0
RC00174,0.0,0.0,0.0,0.0,0.0
EX02188,0.0,0.0,0.0,0.0,0.0
RC02531,0.0,0.0,0.0,0.0,0.0
RC03005,0.0,0.0,0.0,0.0,0.0
RC03004,0.0,0.0,0.0,0.0,0.0
RCC0134,0.0,0.0,0.0,0.0,0.0
RC03552,-0.06803549047930728,-0.06803549047930728,-0.06703936089451029,-0.06701055628705282,-0.0680354904793081
TCE0416,0.0,0.0,0.0,0.0,0.0
TCE0417,0.0,0.0,0.0,0.0,0.0
RC03956,0.0,0.0,0.0,0.0,0.0
RC03954,0.0,0.0,0.0,0.0,0.0
RC09319,8.00618263157382e-05,8.00618263157382e-05,8.006182592429089e-05,8.006182591297159e-05,8.006182631573818e-05
RC03778,0.0,0.0,0.0,0.0,0.0
EX00111,0.0,0.0,0.0,0.0,0.0
EX00504,1.9999999999978345e-05,1.9999999999978345e-05,1.9999999999956684e-05,1.9999999999935024e-05,1.9999999999935024e-05
RM03534,0.0,0.0,0.0,0.0,0.0
RC00978,-0.020332698159500173,-0.020332698159500173,-0.020332698162871848,-0.02033269816296941,-0.02033269815950032
RM01025,0.0,0.0,0.0,0.0,0.0
RM05052,0.0,0.0,0.0,0.0,0.0
RM05051,0.0,0.0,0.0,0.0,0.0
RM00716,0.0,0.0,0.0,0.0,0.0
RM00713,0.0,0.0,0.0,0.0,0.0
RM00710,0.0,0.0,0.0,0.0,0.0
RM00711,0.0,0.0,0.0,0.0,0.0
RCC0200,0.0,0.0,0.0,0.0,0.0
EX03479,0.0,0.0,0.0,0.0,0.0
RCC0207,0.0,0.0,0.0,0.0,0.0
RCC0206,0.0,0.0,0.0,0.0,0.0
TCM1069,0.0,0.0,0.0,0.0,0.0
TCM1062,0.0,0.0,0.0,0.0,0.0
TCM1063,0.0,0.0,0.0,0.0,0.0
TCM1061,0.0,0.0,0.0,0.0,0.0
TCM1067,0.0,0.0,0.0,0.0,0.0
RC04300,0.0,0.0,0.0,0.0,0.0
RM03991,0.0,0.0,0.0,0.0,0.0
RM03990,0.0054295741344980416,0.0054295741344980416,0.005436075385151165,0.005436263378737446,0.005429574134498037
RC04780,0.0,0.0,0.0,0.0,0.0
RCC0115,0.005429574134498041,0.005429574134498041,0.005436075385151165,0.005436263378737446,0.0054295741344980355
RCC0114,0.0,0.0,0.0,0.0,0.0
RCC0117,0.0,0.0,0.0,0.0,0.0
RC01938,0.0018365788133339032,0.0018365788133339032,0.0007972368574761614,0.0007570925658715278,0.0018365788133339034
RC00156,0.014909158321686608,0.014909158321686608,0.014779675427932711,0.014775931232414344,0.014909158321686562
RCC0110,0.0,0.0,0.0,0.0,0.0
RCC0113,0.0,0.0,0.0,0.0,0.0
RC00155,0.0,0.0,0.0,0.0,0.0
RC00158,0.005523726042194496,0.005523726042194496,0.005523726004044171,0.005523726002940932,0.005523726042194353
RCC0119,0.006101304385181108,0.006101304385181108,0.00617051565140206,0.006172517000810369,0.0061013043851810556
RCC0118,0.0,0.0,0.0,0.0,0.0
RM00405,-0.19730390898611003,-0.19730390898611003,-0.1972335311373689,-0.1972113157894933,-0.19730390898611117
RM01975,-0.008099252947831941,-0.008099252947831941,-0.007066412242627323,-0.007026455944608973,-0.00809925294783194
RC01154,0.0,0.0,0.0,0.0,0.0
DMN0046,0.0,0.0,0.0,0.0,0.0
DMN0047,0.0,0.0,0.0,0.0,0.0
DMN0044,1.4013546405201748e-08,1.4013546405201748e-08,1.4403602500123144e-08,1.4414881480500498e-08,1.401354640014106e-08
DMN0042,0.0,0.0,0.0,0.0,0.0
DMN0043,0.0,0.0,0.0,0.0,0.0
DMN0040,0.0,0.0,0.0,0.0,0.0
DMN0041,0.0,0.0,0.0,0.0,0.0
RM03663,0.004760893980523419,0.004760893980523419,0.004760893982953042,0.004760893983023297,0.004760893980523415
RM03662,0.004373954393953647,0.004373954393953647,0.004373954396185803,0.004373954396250347,0.004373954393953643
RM03661,0.004127928409598773,0.004127928409598773,0.004127928411705375,0.004127928411766288,0.004127928409598769
RM03660,0.003397965399751134,0.003397965399751134,0.0033979654014852146,0.003397965401535357,0.003397965399751131
DMN0048,0.0,0.0,0.0,0.0,0.0
RM03664,0.0008538829662669742,0.0008538829662669742,0.0008538829667027356,0.0008538829667153357,0.0008538829662669735
RC01334,0.0,0.0,0.0,0.0,0.0
RC01844,0.0,0.0,0.0,0.0,0.0
RC01843,0.016635694089071094,0.016635694089071094,0.016635694126755526,0.016635694127845314,0.016635694089071253
SNK0036,0.0,0.0,0.0,0.0,0.0
RCC0061,0.0093328514201231,0.0093328514201231,0.009309212033579328,0.009308528464633762,0.009332851420123122
RCC0060,0.0008556332013946898,0.0008556332013946898,0.0008556332140889727,0.0008556332144560473,0.0008556332013946898
RCC0063,0.0,0.0,0.0,0.0,0.0
RCC0062,0.0,0.0,0.0,0.0,0.0
RCC0065,0.0005143452692435977,0.0005143452692435977,0.0005126510696347419,0.00051260207926699,0.0005143452692435989
RCC0064,0.00826264138813329,0.00826264138813329,0.008245901682238486,0.008245417628090704,0.008262641388133308
RCC0067,0.004454957768814811,0.004454957768814811,0.004448348729931513,0.00444815761948403,0.004454957768814823
RCC0066,0.006350282633170641,0.006350282633170641,0.0063404968131826975,0.006340213841260469,0.006350282633170655
RCC0069,0.00016909411115960854,0.00016909411115960854,0.00012992320803162363,0.00012879052157639163,0.00016909411115963714
RCC0068,0.0,0.0,0.0,0.0,0.0
RC10092,0.2883166752387611,0.2883166752387611,0.2886960310875665,0.28868682047603894,0.2883166752387588
RC00554,0.0,0.0,0.0,0.0,0.0
RC00551,0.006628939879125956,0.006628939879125956,0.006628939897038304,0.006628939897556274,0.006628939879125956
SNK0101,0.0,0.0,0.0,0.0,0.0
SNK0102,0.0,0.0,0.0,0.0,0.0
TCM1080,0.0,0.0,0.0,0.0,0.0
TCM1082,0.0,0.0,0.0,0.0,0.0
RC05803,0.0,0.0,0.0,0.0,0.0
TCM1089,0.004278808596488767,0.004278808596488767,0.004278808610942194,0.004278808611360131,0.004278808596488756
TCE0453,0.0,0.0,0.0,0.0,0.0
RC01201,0.0058994750572059105,0.0058994750572059105,0.005899475055132475,0.00589947505507252,0.0058994750572059105
RC01206,0.0,0.0,0.0,0.0,0.0
RM08770,0.0,0.0,0.0,0.0,0.0
RM08771,0.0,0.0,0.0,0.0,0.0
RM08772,0.0,0.0,0.0,0.0,0.0
RM08773,0.0,0.0,0.0,0.0,0.0
RM08774,0.0,0.0,0.0,0.0,0.0
RM08775,0.0,0.0,0.0,0.0,0.0
TCM0204,0.0,0.0,0.0,0.0,0.0
TCM0207,0.0,0.0,0.0,0.0,0.0009545433057227133
TCM0206,0.0,0.0,0.0,0.0,0.0
TCM0201,0.0,0.0,0.0061278496585402634,0.005343814879098586,0.0
TCM0200,0.0,0.0,0.0,0.0,0.0
TCE2001,0.0,0.0,0.0,0.0,0.0
TCE2000,0.0,0.0,0.0,0.0,0.0
TCE2003,0.0,0.0,0.0,0.0,0.0
TCE2005,0.0,0.0,0.0,0.0,0.0
EX00314,0.0,0.0,0.0,0.0,0.0
TCE0459,0.0,0.0,0.0,0.0,0.0
RC01318,-0.00016873473480248492,-0.00016873473480248492,-0.00016873473730585485,-0.00016873473737824362,-0.00016873473480248492
EX00777,0.0,0.0,0.0,0.0,0.0
EX04677,0.0,0.0,0.0,0.0,0.0
EX00311,0.0,0.0,0.0,0.0,0.0
EXC0210,0.0,0.0,0.0,0.0,0.0
EXC0211,0.0,0.0,0.0,0.0,0.0
EXC0213,0.0,0.0,0.0,0.0,0.0
EXC0214,0.0,0.0,0.0,0.0,0.0
EXC0216,0.0,0.0,0.0,0.0,0.0
RM00161,0.0,-2.513310154697096e-16,-2.513310154697096e-16,-2.513310154697096e-16,-2.513310154697096e-16
RC01310,0.0,0.0,0.0,0.0,0.0
RM00369,-0.3250446067915279,-0.3250446067915279,-0.32575758628880913,-0.3257782031792817,-0.3250446067915296
TCE1117,0.0,0.0,0.0,0.0,0.0
TCM0111,4.175207660877906,4.175207660877906,4.172637723597084,4.1725634099378,4.1752076608779065
TCM0110,0.0,0.0,0.0,0.0,0.0
TCM0113,0.0,0.0,0.0,0.0,0.0
TCM0115,0.0,0.0,0.0,0.0,0.0
TCM0114,0.0,0.0,0.0,0.0,0.0
TCM0117,0.014107614386745466,0.014107614386745466,0.01410761438802129,0.014107614388058179,0.014107614386745465
TCM0116,0.0,0.0,0.0,0.0,0.0
TCM0119,0.0,0.0,0.0,0.0,0.0
TCM0118,0.0,0.0,0.0,0.0,0.0
EX00114,0.0,0.0,0.0,0.0,0.0
EX00116,0.0,0.0,0.0,0.0,0.0
EX00979,0.0,0.0,0.0,0.0,0.0
RC00678,0.0018365788133339026,0.0018365788133339026,0.0018365788141497144,0.0018365788141733062,0.0018365788133339034
TCE0648,0.0,0.0,0.0,0.0,0.0
TCE0644,0.0,0.0,0.0,0.0,0.0
TCE1206,0.0,0.0,0.0,0.0,0.0
TCE1204,0.0,0.0,0.0,0.0,0.0
RC02239,0.0,0.0,0.0,0.0,0.0
RC02235,0.0,0.0,0.0,0.0,0.0
RC02236,2.1660088062594973e-17,2.1660088062594973e-17,4.3320176125189946e-17,6.498026418778493e-17,6.498026418778493e-17
TCE1208,0.0,0.0,0.0,0.0,0.0
TCM0317,0.0,0.0,0.0,0.0,0.0
RC04886,0.0,0.0,0.0,0.0,0.0
TCM0316,0.0,0.0,0.0,0.0,0.0
